{
  "strongs_number": "G1",
  "lemma": "ἄλφα",
  "transliteration": "alpha",
  "pronunciation": "al'-fah",
  "pos": "indeclinable noun",
  "etymology": "",
  "kjv_translation_count": "Alpha (4x).",
  "outline": [
    "first letter of Greek alphabet",
    "Christ is the Alpha to indicate that he is the beginning and the end"
  ],
  "definition": "† Α A, al'-fah; of Hebrew origin; the first letter of the alphabet; figuratively, only (from its use as a numeral) the first:—Alpha. Often used (usually ἄν án , before a vowel) also in composition (as a contraction from G427 ) in the sense of privation; so, in many words, beginning with this letter; occasionally in the sense of union (as a contraction of G260 ).",
  "has_outline": true
}