{
  "strongs_number": "G10",
  "lemma": "Ἀβιούδ",
  "transliteration": "abioud",
  "pronunciation": "ab-ee-ood'",
  "pos": "proper locative noun",
  "etymology": "",
  "kjv_translation_count": "Abiud (2x).",
  "outline": [
    "Abiud = \"my father is majesty\" the son of Bela and grandson of Benjamin ( 1 Ch. 8:: 3 )",
    "the son of Bela and grandson of Benjamin ( 1 Ch. 8:: 3 )"
  ],
  "definition": "Ἀβιούδ Abioúd, ab-ee-ood'; of Hebrew origin [ H31 ]; Abihud, an Israelite:—Abiud.",
  "has_outline": true
}