{
  "strongs_number": "G1001",
  "lemma": "βολίζω",
  "transliteration": "bolizō",
  "pronunciation": "bol-id'-zo",
  "pos": "verb",
  "etymology": "",
  "kjv_translation_count": "sound (2x).",
  "outline": [
    "to heave the lead, take a sounding a line and plummet with which mariners sound the depth of the sea",
    "a line and plummet with which mariners sound the depth of the sea"
  ],
  "definition": "βολίζω bolízō, bol-id'-zo; from G1002 ; to heave the lead:—sound.",
  "has_outline": true
}