{
  "strongs_number": "G1003",
  "lemma": "βοές",
  "transliteration": "boes",
  "pronunciation": "bo'-es",
  "pos": "proper masculine noun",
  "etymology": "",
  "kjv_translation_count": "Booz (3x).",
  "outline": [
    "Boaz = \"in him is strength\" a kinsman of [Naomi] 1 , [Ruth's] second husband",
    "a kinsman of [Naomi] 1 , [Ruth's] second husband"
  ],
  "definition": "† Βοόζ Boóz, bo-oz'; of Hebrew origin ( H1162 ); Booz, (i.e. Boaz), an Israelite:—Booz.",
  "has_outline": true
}