{
  "strongs_number": "G1006",
  "lemma": "βόσκω",
  "transliteration": "boskō",
  "pronunciation": "bos'-ko",
  "pos": "verb",
  "etymology": "",
  "kjv_translation_count": "feed (8x), keep (1x).",
  "outline": [
    "to feed portraying the duty of a Christian teacher to promote in every way the spiritual welfare of the members of the church",
    "portraying the duty of a Christian teacher to promote in every way the spiritual welfare of the members of the church"
  ],
  "definition": "βόσκω bóskō, bos'-ko; a prolonged form of a primary verb (compare G977 , G1016 ); to pasture; by extension to, fodder; reflexively, to graze:—feed, keep.",
  "has_outline": true
}