{
  "strongs_number": "G100",
  "lemma": "ἁδρότης",
  "transliteration": "hadrotēs",
  "pronunciation": "had-rot'-ace",
  "pos": "feminine noun",
  "etymology": "",
  "kjv_translation_count": "abundance (1x).",
  "outline": [
    "bountiful collection, great abundance",
    "thickness, ripeness, fulness, esp. of the body"
  ],
  "definition": "ἁδρότης hadrótēs, had-rot'-ace; from ἁδρός hadrós (stout); plumpness, i.e. (figuratively) liberality:—abundance.",
  "has_outline": true
}