{
  "strongs_number": "G1011",
  "lemma": "βουλεύω",
  "transliteration": "bouleuō",
  "pronunciation": "bool-yoo'-o",
  "pos": "verb",
  "etymology": "",
  "kjv_translation_count": "consult (2x), be minded (2x), purpose (2x), determine (1x), take counsel (1x).",
  "outline": [
    "to deliberate with one's self, consider",
    "to take counsel, resolve"
  ],
  "definition": "† βουλεύω bouleúō, bool-yoo'-o; from G1012 ; to advise, i.e. (reflexively) deliberate, or (by implication) resolve:—consult, take counsel, determine, be minded, purpose.",
  "has_outline": true
}