{
  "strongs_number": "G1010",
  "lemma": "βουλευτής",
  "transliteration": "bouleutēs",
  "pronunciation": "bool-yoo-tace'",
  "pos": "masculine noun",
  "etymology": "",
  "kjv_translation_count": "counsellor (2x).",
  "outline": [
    "a councillor, senator",
    "a member of the Sanhedrin"
  ],
  "definition": "βουλευτής bouleutḗs, bool-yoo-tace'; from G1011 ; an adviser, i.e. (specially) a councillor or member of the Jewish Sanhedrin:—counsellor.",
  "has_outline": true
}