{
  "strongs_number": "G1017",
  "lemma": "βραβεῖον",
  "transliteration": "brabeion",
  "pronunciation": "brab-i'-on",
  "pos": "neuter noun",
  "etymology": "",
  "kjv_translation_count": "prize (2x).",
  "outline": [
    "the award to the victor in the games, a prize",
    "metaph. of the heavenly reward for Christian character"
  ],
  "definition": "βραβεῖον brabeîon, brab-i'-on; from βραβεύς brabeús (an umpire of uncertain derivation); an award (of arbitration), i.e. (specially) a prize in the public games:—prize.",
  "has_outline": true
}