{
  "strongs_number": "G1014",
  "lemma": "βούλομαι",
  "transliteration": "boulomai",
  "pronunciation": "boo'-lom-ahee",
  "pos": "verb",
  "etymology": "",
  "kjv_translation_count": "will (15x), would (11x), be minded (2x), intend (2x), be disposed (1x), be willing (1x), list (1x), of his own will (1x).",
  "outline": [
    "to will deliberately, have a purpose, be minded",
    "of willing as an affection, to desire"
  ],
  "definition": "βούλομαι boúlomai, boo'-lom-ahee; middle voice of a primary verb; to \"will,\" i.e. (reflexively) be willing:—be disposed, minded, intend, list, (be, of own) will (-ing). Compare G2309 .",
  "has_outline": true
}