{
  "strongs_number": "G1019",
  "lemma": "βραδύνω",
  "transliteration": "bradynō",
  "pronunciation": "brad-oo'-no",
  "pos": "verb",
  "etymology": "",
  "kjv_translation_count": "tarry (1x), be slack (1x).",
  "outline": [
    "to delay, be slow to render slowly, retard to be long, to tarry, loiter",
    "to render slowly, retard",
    "to be long, to tarry, loiter"
  ],
  "definition": "βραδύνω bradýnō, brad-oo'-no; from G1021 ; to delay:—be slack, tarry.",
  "has_outline": true
}