{
  "strongs_number": "G101",
  "lemma": "ἀδυνατέω",
  "transliteration": "adynateō",
  "pronunciation": "ad-oo-nat-eh'-o",
  "pos": "verb",
  "etymology": "",
  "kjv_translation_count": "be impossible (2x).",
  "outline": [
    "impossible not to have strength, power, or ability, to be weak can not be done, to be impossible",
    "not to have strength, power, or ability, to be weak",
    "can not be done, to be impossible"
  ],
  "definition": "ἀδυνατέω adynatéō, ad-oo-nat-eh'-o; from G102 ; to be unable, i.e. (passively) impossible:—be impossible.",
  "has_outline": true
}