{
  "strongs_number": "G1018",
  "lemma": "βραβεύω",
  "transliteration": "brabeuō",
  "pronunciation": "brab-yoo'-o",
  "pos": "verb",
  "etymology": "",
  "kjv_translation_count": "rule (1x).",
  "outline": [
    "to be an umpire",
    "to decide, determine",
    "to direct, control, rule"
  ],
  "definition": "βραβεύω brabeúō, brab-yoo'-o; from the same as G1017 ; to arbitrate, i.e. (genitive case) to govern (figuratively, prevail):—rule.",
  "has_outline": true
}