{
  "strongs_number": "G1029",
  "lemma": "βρόχος",
  "transliteration": "brochos",
  "pronunciation": "brokh'-os",
  "pos": "masculine noun",
  "etymology": "",
  "kjv_translation_count": "snare (1x).",
  "outline": [
    "a noose, slip-knot, by which any person or thing is caught, or fastened, or suspended",
    "to throw a noose upon one, a figure borrowed from war or the chase so that by craft or by force one is bound to some necessity, to constrain him to obey some command"
  ],
  "definition": "βρόχος bróchos, brokh'-os; of uncertain derivation; a noose:—snare.",
  "has_outline": true
}