{
  "strongs_number": "G1025",
  "lemma": "βρέφος",
  "transliteration": "brephos",
  "pronunciation": "bref'-os",
  "pos": "neuter noun",
  "etymology": "",
  "kjv_translation_count": "babe (5x), child (1x), infant (1x), young child (1x).",
  "outline": [
    "an unborn child, embryo, a foetus",
    "a new-born child, an infant, a babe"
  ],
  "definition": "βρέφος bréphos, bref'-os; of uncertain affinity; an infant (properly, unborn) literally or figuratively:—babe, (young) child, infant.",
  "has_outline": true
}