{
  "strongs_number": "G1023",
  "lemma": "βραχίων",
  "transliteration": "brachiōn",
  "pronunciation": "brakh-ee'-own",
  "pos": "masculine noun",
  "etymology": "",
  "kjv_translation_count": "arm (3x).",
  "outline": [
    "the arm the arm of God is a Hebrew idiom for the might and the power of God",
    "the arm of God is a Hebrew idiom for the might and the power of God"
  ],
  "definition": "βραχίων brachíōn, brakh-ee'-own; properly, comparative of G1024 , but apparently in the sense of βράσσω brássō (to wield); the arm, i.e. (figuratively) strength:—arm.",
  "has_outline": true
}