{
  "strongs_number": "G1026",
  "lemma": "βρέχω",
  "transliteration": "brechō",
  "pronunciation": "brekh'-o",
  "pos": "verb",
  "etymology": "",
  "kjv_translation_count": "rain (3x), wash (2x), rain (with G 5205) (1x), send rain (1x).",
  "outline": [
    "to moisten, wet, water",
    "to water with rain, to cause to rain, to pour the rain, to send down like rain"
  ],
  "definition": "βρέχω bréchō, brekh'-o; a primary verb; to moisten (especially by a shower):—(send) rain, wash.",
  "has_outline": true
}