{
  "strongs_number": "G1021",
  "lemma": "βραδύς",
  "transliteration": "bradys",
  "pronunciation": "brad-ooce'",
  "pos": "adjective",
  "etymology": "",
  "kjv_translation_count": "slow (3x).",
  "outline": [
    "slow",
    "metaph. dull, inactive, in mind stupid, slow to apprehend or believe",
    "stupid, slow to apprehend or believe"
  ],
  "definition": "βραδύς bradýs, brad-ooce'; of uncertain affinity; slow; figuratively, dull:—slow.",
  "has_outline": true
}