{
  "strongs_number": "G102",
  "lemma": "ἀδύνατος",
  "transliteration": "adynatos",
  "pronunciation": "ad-oo'-nat-os",
  "pos": "adjective",
  "etymology": "",
  "kjv_translation_count": "impossible (6x), impotent (1x), could not do (1x), weak (1x), not possible (1x).",
  "outline": [
    "without strength, impotent, powerless, weakly, disabled",
    "unable to be done, impossible"
  ],
  "definition": "ἀδύνατος adýnatos, ad-oo'-nat-os; from G1 (as a negative particle) and G1415 ; unable, i.e. weak (literally or figuratively); passively, impossible:—could not do, impossible, impotent, not possible, weak.",
  "has_outline": true
}