{
  "strongs_number": "G1024",
  "lemma": "βραχύς",
  "transliteration": "brachys",
  "pronunciation": "brakh-ooce'",
  "pos": "adjective",
  "etymology": "",
  "kjv_translation_count": "a little (4x), a little space (1x), a little while (1x), few words (1x).",
  "outline": [
    "short, small, little of place, a short distance, a little of time, a short time, for a little while",
    "of place, a short distance, a little",
    "of time, a short time, for a little while"
  ],
  "definition": "βραχύς brachýs, brakh-ooce'; of uncertain affinity; short (of time, place, quantity, or number):—few words, little (space, while).",
  "has_outline": true
}