{
  "strongs_number": "G1030",
  "lemma": "βρυγμός",
  "transliteration": "brygmos",
  "pronunciation": "broog-mos'",
  "pos": "masculine noun",
  "etymology": "",
  "kjv_translation_count": "gnashing (7x).",
  "outline": [
    "a gnashing of teeth used to denote extreme anguish and utter despair of men consigned to eternal punishment in hell",
    "used to denote extreme anguish and utter despair of men consigned to eternal punishment in hell",
    "snarling, growling: in the sense of biting"
  ],
  "definition": "βρυγμός brygmós, broog-mos'; from G1031 ; a grating (of the teeth):—gnashing.",
  "has_outline": true
}