{
  "strongs_number": "G1035",
  "lemma": "βρῶσις",
  "transliteration": "brōsis",
  "pronunciation": "bro'-sis",
  "pos": "feminine noun",
  "etymology": "",
  "kjv_translation_count": "meat (6x), rust (2x), morsel of meat (1x), eating (1x), food (1x).",
  "outline": [
    "act of eating in a wider sense, corrosion",
    "in a wider sense, corrosion",
    "that which is eaten, food, aliment of the soul's food, either which refreshes the soul, or nourishes and supports it",
    "of the soul's food, either which refreshes the soul, or nourishes and supports it"
  ],
  "definition": "βρῶσις brōsis, bro'-sis; from the base of G977 ; (abstractly) eating (literally or figuratively); by extension (concretely) food (literally or figuratively):—eating, food, meat.",
  "has_outline": true
}