{
  "strongs_number": "G1033",
  "lemma": "βρῶμα",
  "transliteration": "brōma",
  "pronunciation": "bro'-mah",
  "pos": "neuter noun",
  "etymology": "",
  "kjv_translation_count": "meat (16x), victual (1x).",
  "outline": [
    "that which is eaten, food"
  ],
  "definition": "βρῶμα brōma, bro'-mah; from the base of G977 ; food (literally or figuratively), especially (ceremonially) articles allowed or forbidden by the Jewish law:—meat, victuals.",
  "has_outline": true
}