{
  "strongs_number": "G1048",
  "lemma": "Γάζα",
  "transliteration": "gaza",
  "pronunciation": "gad'-zah",
  "pos": "proper locative noun",
  "etymology": "",
  "kjv_translation_count": "Gaza (1x).",
  "outline": [
    "Gaza = \"the fortified; the strong\" one of the five chief cities of the Philistines in Palestine",
    "one of the five chief cities of the Philistines in Palestine"
  ],
  "definition": "Γάζα Gáza, gad'-zah; of Hebrew origin ( H5804 ); Gazah (i.e. Azzah), a place in Palestine:—Gaza.",
  "has_outline": true
}