{
  "strongs_number": "G1041",
  "lemma": "βωμός",
  "transliteration": "bōmos",
  "pronunciation": "bo'-mos",
  "pos": "masculine noun",
  "etymology": "",
  "kjv_translation_count": "altar (1x).",
  "outline": [
    "an elevated place very often a raised place on which to offer a sacrifice, an altar",
    "very often a raised place on which to offer a sacrifice, an altar"
  ],
  "definition": "βωμός bōmós, bo'-mos; from the base of G939 ; properly, a stand, i.e. (specially) an altar:—altar.",
  "has_outline": true
}