{
  "strongs_number": "G1049",
  "lemma": "γαζοφυλάκιον",
  "transliteration": "gazophylakion",
  "pronunciation": "gad-zof-oo-lak'-ee-on",
  "pos": "neuter noun",
  "etymology": "",
  "kjv_translation_count": "treasury (5x).",
  "outline": [
    "a repository of treasure, especially of public treasure, a treasury This word is used to describe the apartments constructed in the courts of the temple, in which not only the sacred offerings and things needful for the service were kept, but this was also where the priests (etc.) resided (cf. Neh 13:: 7 ). The sacred treasury, public records, and even the property of widows and orphans were deposited here. Josephus speaks of treasuries in the women's court of Herod's temple. In the N.T., the term \"near the treasury\" seems to be used of that receptacle mentioned by the rabbis to which were fitted thirteen chests or boxes, i.e. trumpets, so called from their shape, and into which were put the contributions made voluntarily or paid yearly by the Jews for the service of the temple and the support of the poor."
  ],
  "definition": "γαζοφυλάκιον gazophylákion, gad-zof-oo-lak'-ee-on; from G1047 and G5438 ; a treasure-house, i.e. a court in the temple for the collection-boxes:—treasury.",
  "has_outline": true
}