{
  "strongs_number": "G1046",
  "lemma": "Γαδαρηνός",
  "transliteration": "gadarēnos",
  "pronunciation": "gad-ar-ay-nos'",
  "pos": "adjective",
  "etymology": "",
  "kjv_translation_count": "Gadarenes (3x).",
  "outline": [
    "Gadarenes = \"reward at the end\" also called Gergesenes, was the capital of Peraea, situated opposite the south extremity of the Lake of Gennesaret to the south-east, but at some distance from the lake on the banks of the river Hieromax",
    "also called Gergesenes, was the capital of Peraea, situated opposite the south extremity of the Lake of Gennesaret to the south-east, but at some distance from the lake on the banks of the river Hieromax"
  ],
  "definition": "† Γαδαρηνός Gadarēnós, gad-ar-ay-nos'; from Γαδαρά Gadará (a town east of the Jordan); a Gadarene or inhabitant of Gadara:—Gadarene.",
  "has_outline": true
}