{
  "strongs_number": "G1045",
  "lemma": "Γάδ",
  "transliteration": "gad",
  "pronunciation": "gad",
  "pos": "proper locative noun",
  "etymology": "",
  "kjv_translation_count": "Gad (1x).",
  "outline": [
    "Gad = \"a troop\" the seventh son of the patriarch Jacob, by Zilpah, Leah's maid",
    "the seventh son of the patriarch Jacob, by Zilpah, Leah's maid"
  ],
  "definition": "Γάδ Gád, gad; of Hebrew origin ( H1410 ); Gad, a tribe of Israelites:—Gad.",
  "has_outline": true
}