{
  "strongs_number": "G1043",
  "lemma": "Γαβριήλ",
  "transliteration": "gabriēl",
  "pronunciation": "gab-ree-ale'",
  "pos": "proper masculine noun",
  "etymology": "",
  "kjv_translation_count": "Gabriel (2x).",
  "outline": [
    "Gabriel = \"man of God\" one of the angel princes or chiefs of the angels",
    "one of the angel princes or chiefs of the angels"
  ],
  "definition": "Γαβριήλ Gabriḗl, gab-ree-ale'; of Hebrew origin ( H1403 ); Gabriel, an archangel:—Gabriel.",
  "has_outline": true
}