{
  "strongs_number": "G1040",
  "lemma": "βύσσος",
  "transliteration": "byssos",
  "pronunciation": "boos'-sos",
  "pos": "feminine noun",
  "etymology": "",
  "kjv_translation_count": "fine linen (2x).",
  "outline": [
    "byssus, a species of Egyptian flax",
    "linen made from byssus, very costly, delicate, soft, white and also of a yellow colour"
  ],
  "definition": "βύσσος býssos, boos'-sos; of Hebrew origin ( H948 ); white linen:—fine linen.",
  "has_outline": true
}