{
  "strongs_number": "G1044",
  "lemma": "γάγγραινα",
  "transliteration": "gangraina",
  "pronunciation": "gang'-grahee-nah",
  "pos": "feminine noun",
  "etymology": "",
  "kjv_translation_count": "canker (1x).",
  "outline": [
    "a gangrene, a disease by which any part of the body suffering from inflammation becomes so corrupted that, unless a remedy be seasonably applied, the evil continually spreads, attacks other parts, and at last eats away the bones"
  ],
  "definition": "γάγγραινα gángraina, gang'-grahee-nah; from γραίνω graínō (to gnaw); an ulcer (\"gangrene\"):—canker.",
  "has_outline": true
}