{
  "strongs_number": "G104",
  "lemma": "ἀεί",
  "transliteration": "aei",
  "pronunciation": "ah-eye'",
  "pos": "adverb",
  "etymology": "",
  "kjv_translation_count": "alway (4x), always (3x), ever (1x).",
  "outline": [
    "perpetually, incessantly",
    "invariably, at any and every time: when according to the circumstances something is or ought to be done again"
  ],
  "definition": "ἀεί aeí, ah-eye'; from an obsolete primary noun (apparently meaning continued duration); \"ever,\" by qualification regularly; by implication, earnestly:—always, ever.",
  "has_outline": true
}