{
  "strongs_number": "G1056",
  "lemma": "Γαλιλαία",
  "transliteration": "galilaia",
  "pronunciation": "gal-il-ah'-yah",
  "pos": "proper locative noun",
  "etymology": "",
  "kjv_translation_count": "Galilee (63x).",
  "outline": [
    "Galilee = \"Circuit\" the name of a region of northern Palestine, bounded on the north by Syria, on the west by Sidon, Tyre, Ptolemais and their territories and the promontory of Carmel, on the south by Samaria and on the east by the Jordan. It was divided into Upper Galilee and Lower Galilee.",
    "the name of a region of northern Palestine, bounded on the north by Syria, on the west by Sidon, Tyre, Ptolemais and their territories and the promontory of Carmel, on the south by Samaria and on the east by the Jordan. It was divided into Upper Galilee and Lower Galilee."
  ],
  "definition": "Γαλιλαία Galilaía, gal-il-ah'-yah; of Hebrew origin ( H1551 ); Galilæa (i.e. the heathen circle), a region of Palestine:—Galilee.",
  "has_outline": true
}