{
  "strongs_number": "G105",
  "lemma": "ἀετός",
  "transliteration": "aetos",
  "pronunciation": "ah-et-os'",
  "pos": "masculine noun",
  "etymology": "",
  "kjv_translation_count": "eagle (4x).",
  "outline": [
    "an eagle: since eagles do not usually go in quest of carrion, this may be a vulture that resembles an eagle",
    "an eagle as a standard (Roman Military)"
  ],
  "definition": "ἀετός aetós, ah-et-os'; from the same as G109 ; an eagle (from its wind-like flight):—eagle.",
  "has_outline": true
}