{
  "strongs_number": "G1053",
  "lemma": "Γαλατία",
  "transliteration": "galatia",
  "pronunciation": "gal-at-ee'-ah",
  "pos": "proper locative noun",
  "etymology": "",
  "kjv_translation_count": "Galatia (4x).",
  "outline": [
    "Galatia = \"land of the Galli, Gauls\" the Roman province of Galatia my be roughly described as the central region of the peninsula of Asia Minor, bounded on the north by Bithynia and Paphlagonia; on the east by Pontus; on the south by Cappadocia and Lycaonia; on the west by Phrygia",
    "the Roman province of Galatia my be roughly described as the central region of the peninsula of Asia Minor, bounded on the north by Bithynia and Paphlagonia; on the east by Pontus; on the south by Cappadocia and Lycaonia; on the west by Phrygia"
  ],
  "definition": "Γαλατία Galatía, gal-at-ee'-ah; of foreign origin; Galatia, a region of Asia:—Galatia.",
  "has_outline": true
}