{
  "strongs_number": "G1058",
  "lemma": "Γαλλίων",
  "transliteration": "galliōn",
  "pronunciation": "gal-lee'-own",
  "pos": "proper masculine noun",
  "etymology": "",
  "kjv_translation_count": "Gallio (3x).",
  "outline": [
    "Gallio = \"One who lives on milk\" Junius Annaeus Gallio, the Roman proconsul of Achaia when Paul was at Corinth, 53 A.D., under the emperor Claudius. Acts 18:: 12 . He was brother to Jucius Annaeus Seneca, the philosopher. Jerome in the Chronicle of Eusebius says that he committed suicide in 65 A.D. Winer thinks he was put to death by Nero.",
    "Junius Annaeus Gallio, the Roman proconsul of Achaia when Paul was at Corinth, 53 A.D., under the emperor Claudius. Acts 18:: 12 . He was brother to Jucius Annaeus Seneca, the philosopher. Jerome in the Chronicle of Eusebius says that he committed suicide in 65 A.D. Winer thinks he was put to death by Nero."
  ],
  "definition": "Γαλλίων Gallíōn, gal-lee'-own; of Latin origin; Gallion (i.e. Gallio), a Roman officer:—Gallio.",
  "has_outline": true
}