{
  "strongs_number": "G1050",
  "lemma": "Γάϊος",
  "transliteration": "gaios",
  "pronunciation": "gah'-ee-os",
  "pos": "proper masculine noun",
  "etymology": "",
  "kjv_translation_count": "Gaius (of Corinth) (2x), Gaius (of Macedonia) (1x), Gaius (of Derbe) (1x), Gaius (a Christian) (1x).",
  "outline": [
    "Gaius = \"lord\" a Macedonian who accompanied Paul in his travels a man from Derbe who went with Paul from Corinth in his last journey to Jerusalem a man of Corinth who was his host in his second sojourn in that city an unknown Christian to whom John's third epistle is addressed",
    "a Macedonian who accompanied Paul in his travels",
    "a man from Derbe who went with Paul from Corinth in his last journey to Jerusalem",
    "a man of Corinth who was his host in his second sojourn in that city",
    "an unknown Christian to whom John's third epistle is addressed"
  ],
  "definition": "Γάϊος Gáïos, gah'-ee-os; of Latin origin; Gaius (i.e. Caius), a Christian:—Gaius.",
  "has_outline": true
}