{
  "strongs_number": "G1059",
  "lemma": "Γαμαλιήλ",
  "transliteration": "gamaliēl",
  "pronunciation": "gam-al-ee-ale'",
  "pos": "proper masculine noun",
  "etymology": "",
  "kjv_translation_count": "Gamaliel (2x).",
  "outline": [
    "Gamaliel = \"my recompenser is God\" a Pharisee and celebrated doctor of the law, who gave prudent worldly advice in the Sanhedrin respecting the treatment of the followers of Jesus of Nazareth. Acts 5:: 34 ff. (A.D.29.) We learn from Acts 22:: 3 that he was the preceptor of Paul. He is generally identified with the very celebrated Jewish doctor Gamaliel, grandson of Hillel, and who is referred to as authority in the Jewish Mishna.",
    "a Pharisee and celebrated doctor of the law, who gave prudent worldly advice in the Sanhedrin respecting the treatment of the followers of Jesus of Nazareth. Acts 5:: 34 ff. (A.D.29.) We learn from Acts 22:: 3 that he was the preceptor of Paul. He is generally identified with the very celebrated Jewish doctor Gamaliel, grandson of Hillel, and who is referred to as authority in the Jewish Mishna."
  ],
  "definition": "Γαμαλιήλ Gamaliḗl, gam-al-ee-ale'; of Hebrew origin ( H1583 ); Gamaliel (i.e. Gamliel), an Israelite:—Gamaliel.",
  "has_outline": true
}