{
  "strongs_number": "G1068",
  "lemma": "Γεθσημανί",
  "transliteration": "gethsēmani",
  "pronunciation": "gheth-say-man-ay'",
  "pos": "proper locative noun",
  "etymology": "",
  "kjv_translation_count": "Gethsemane (2x).",
  "outline": [
    "Gethsemane = \"an oil press\" the name of a place at the foot of the Mount of Olives, beyond the torrent Kidron",
    "the name of a place at the foot of the Mount of Olives, beyond the torrent Kidron"
  ],
  "definition": "† Γεθσημανῆ Gethsēmanē, gheth-say-man-ay'; of Chaldee origin (compare H1660 and H8081 ); oil-press; Gethsemane, a garden near Jerusalem:—Gethsemane.",
  "has_outline": true
}