{
  "strongs_number": "G1065",
  "lemma": "γέ",
  "transliteration": "ge",
  "pronunciation": "gheh",
  "pos": "particle",
  "etymology": "",
  "kjv_translation_count": "yet (2x), at least (1x), beside (1x), doubtless (1x), not translated (4x).",
  "outline": [
    "indeed, truly, at least",
    "even",
    "if indeed, seeing that"
  ],
  "definition": "γέ gé, gheh; a primary particle of emphasis or qualification (often used with other particles prefixed):—and besides, doubtless, at least, yet.",
  "has_outline": true
}