{
  "strongs_number": "G106",
  "lemma": "ἄζυμος",
  "transliteration": "azymos",
  "pronunciation": "ad'-zoo-mos",
  "pos": "adjective",
  "etymology": "",
  "kjv_translation_count": "unleavened bread (8x), unleavened (1x).",
  "outline": [
    "unfermented, free from leaven or yeast of the unleavened loaves used in the paschal feast of the Jews metaph. free from faults or the \"leaven of iniquity\"",
    "of the unleavened loaves used in the paschal feast of the Jews",
    "metaph. free from faults or the \"leaven of iniquity\""
  ],
  "definition": "ἄζυμος ázymos, ad'-zoo-mos; from G1 (as a negative particle) and G2219 ; unleavened, i.e. (figuratively) uncorrupted; (in the neutral plural) specially (by implication) the Passover week:—unleavened (bread).",
  "has_outline": true
}