{
  "strongs_number": "G1066",
  "lemma": "Γεδεών",
  "transliteration": "gedeōn",
  "pronunciation": "ghed-eh-own'",
  "pos": "proper masculine noun",
  "etymology": "",
  "kjv_translation_count": "Gedeon (1x).",
  "outline": [
    "Gideon = \"the cutter down\" a of the judge of Israel who delivered them from the Midianites",
    "a of the judge of Israel who delivered them from the Midianites"
  ],
  "definition": "Γεδεών Gedeṓn, ghed-eh-own'; of Hebrew origin ( H1439 ); Gedeon (i.e. Gid(e)on), an Israelite:—Gedeon (in the King James Version).",
  "has_outline": true
}