{
  "strongs_number": "G1064",
  "lemma": "γαστήρ",
  "transliteration": "gastēr",
  "pronunciation": "gas-tare'",
  "pos": "feminine noun",
  "etymology": "",
  "kjv_translation_count": "be with child (with G 1722) (with G 2192) (5x), with child (with G 1722) (with G 2192) (2x), womb (1x), belly (1x).",
  "outline": [
    "the belly",
    "the womb",
    "the stomach a glutton, gormandiser, a man who is as it were all stomach",
    "a glutton, gormandiser, a man who is as it were all stomach"
  ],
  "definition": "γαστήρ gastḗr, gas-tare'; of uncertain derivation; the stomach; by analogy, the matrix; figuratively, a gourmand:—belly, + with child, womb.",
  "has_outline": true
}