{
  "strongs_number": "G1060",
  "lemma": "γαμέω",
  "transliteration": "gameō",
  "pronunciation": "gam-eh'-o",
  "pos": "verb",
  "etymology": "",
  "kjv_translation_count": "marry (24x), married (3x), marry a wife (2x).",
  "outline": [
    "to lead in marriage, take to wife to get married, to marry to give one's self in marriage",
    "to get married, to marry",
    "to give one's self in marriage",
    "to give a daughter in marriage"
  ],
  "definition": "γαμέω gaméō, gam-eh'-o; from G1062 ; to wed (of either sex):—marry (a wife).",
  "has_outline": true
}