{
  "strongs_number": "G1063",
  "lemma": "γάρ",
  "transliteration": "gar",
  "pronunciation": "gar",
  "pos": "conjunction",
  "etymology": "",
  "kjv_translation_count": "for (1,: 027x), miscellaneous (28x), not translated (12x).",
  "outline": [
    "for"
  ],
  "definition": "γάρ gár, gar; a primary particle; properly, assigning a reason (used in argument, explanation or intensification; often with other particles):—and, as, because (that), but, even, for, indeed, no doubt, seeing, then, therefore, verily, what, why, yet.",
  "has_outline": true
}