{
  "strongs_number": "G1067",
  "lemma": "γέεννα",
  "transliteration": "geenna",
  "pronunciation": "gheh'-en-nah",
  "pos": "feminine noun",
  "etymology": "",
  "kjv_translation_count": "hell (9x), hell fire (with G 4442) (3x).",
  "outline": [
    "Hell is the place of the future punishment called \"Gehenna\" or \"Gehenna of fire\". This was originally the valley of Hinnom, south of Jerusalem, where the filth and dead animals of the city were cast out and burned; a fit symbol of the wicked and their future destruction."
  ],
  "definition": "γέεννα géenna, gheh'-en-nah; of Hebrew origin ( H1516 and H2011 ); valley of (the son of) Hinnom; ge-henna (or Ge-Hinnom), a valley of Jerusalem, used (figuratively) as a name for the place (or state) of everlasting punishment:—hell.",
  "has_outline": true
}