{
  "strongs_number": "G1074",
  "lemma": "γενεά",
  "transliteration": "genea",
  "pronunciation": "ghen-eh-ah'",
  "pos": "feminine noun",
  "etymology": "",
  "kjv_translation_count": "generation (37x), time (2x), age (2x), nation (1x).",
  "outline": [
    "fathered, birth, nativity",
    "that which has been begotten, men of the same stock, a family the several ranks of natural descent, the successive members of a genealogy metaph. a group of men very like each other in endowments, pursuits, character esp. in a bad sense, a perverse nation",
    "the several ranks of natural descent, the successive members of a genealogy",
    "metaph. a group of men very like each other in endowments, pursuits, character esp. in a bad sense, a perverse nation",
    "esp. in a bad sense, a perverse nation",
    "the whole multitude of men living at the same time",
    "an age (i.e. the time ordinarily occupied by each successive generation), a space of 30 - 33 years"
  ],
  "definition": "γενεά geneá, ghen-eh-ah'; from (a presumed derivative of) G1085 ; a generation; by implication, an age (the period or the persons):—age, generation, nation, time.",
  "has_outline": true
}