{
  "strongs_number": "G1075",
  "lemma": "γενεαλογέω",
  "transliteration": "genealogeō",
  "pronunciation": "ghen-eh-al-og-eh'-o",
  "pos": "verb",
  "etymology": "",
  "kjv_translation_count": "count (one's) descent (1x).",
  "outline": [
    "to recount a family's origin and lineage, trace ancestry",
    "to draw one's origin, derive one's pedigree"
  ],
  "definition": "γενεαλογέω genealogéō, ghen-eh-al-og-eh'-o; from G1074 and G3056 ; to reckon by generations, i.e. trace in genealogy:—count by descent.",
  "has_outline": true
}