{
  "strongs_number": "G107",
  "lemma": "Ἀζώρ",
  "transliteration": "azōr",
  "pronunciation": "ad-zore'",
  "pos": "proper masculine noun",
  "etymology": "",
  "kjv_translation_count": "Azor (2x).",
  "outline": [
    "Azor = \"helper\" A son of Eliakim, in the line of our Lord. Mat. 1:: 13 , 14 .",
    "A son of Eliakim, in the line of our Lord. Mat. 1:: 13 , 14 ."
  ],
  "definition": "Ἀζώρ Azṓr, ad-zore'; of Hebrew origin (compare H5809 ); Azor, an Israelite:—Azorigin",
  "has_outline": true
}