{
  "strongs_number": "G1076",
  "lemma": "γενεαλογία",
  "transliteration": "genealogia",
  "pronunciation": "ghen-eh-al-og-ee'-ah",
  "pos": "feminine noun",
  "etymology": "",
  "kjv_translation_count": "genealogy (2x).",
  "outline": [
    "a genealogy, a record of descent or lineage"
  ],
  "definition": "γενεαλογία genealogía, ghen-eh-al-og-ee'-ah; from the same as G1075 ; tracing by generations, i.e. \"genealogy\":—genealogy.",
  "has_outline": true
}