{
  "strongs_number": "G1077",
  "lemma": "γενέσια",
  "transliteration": "genesia",
  "pronunciation": "ghen-es'-ee-ah",
  "pos": "neuter plural noun",
  "etymology": "",
  "kjv_translation_count": "birthday (2x).",
  "outline": [
    "a birthday celebration, a birthday feast the earlier Greeks used this word of funeral commemorations, a festival commemorative of a deceased friend",
    "the earlier Greeks used this word of funeral commemorations, a festival commemorative of a deceased friend"
  ],
  "definition": "γενέσια genésia, ghen-es'-ee-ah; neuter plural of a derivative of G1078 ; birthday ceremonies:—birthday.",
  "has_outline": true
}