{
  "strongs_number": "G1078",
  "lemma": "γένεσις",
  "transliteration": "genesis",
  "pronunciation": "ghen'-es-is",
  "pos": "feminine noun",
  "etymology": "",
  "kjv_translation_count": "generation (1x), natural (1x), nature (1x).",
  "outline": [
    "source, origin a book of one's lineage, i.e. in which his ancestry or progeny are enumerated",
    "a book of one's lineage, i.e. in which his ancestry or progeny are enumerated",
    "used of birth, nativity",
    "of that which follows origin, viz. existence, life the wheel of life ( Jas 3:: 6 ), other explain it, the wheel of human origin which as soon as men are born begins to run, i.e. its course of life",
    "the wheel of life ( Jas 3:: 6 ), other explain it, the wheel of human origin which as soon as men are born begins to run, i.e. its course of life"
  ],
  "definition": "γένεσις génesis, ghen'-es-is; from the same as G1074 ; nativity; figuratively, nature:—generation, nature(-ral).",
  "has_outline": true
}