{
  "strongs_number": "G1087",
  "lemma": "γερουσία",
  "transliteration": "gerousia",
  "pronunciation": "gher-oo-see'-ah",
  "pos": "feminine noun",
  "etymology": "",
  "kjv_translation_count": "senate (1x).",
  "outline": [
    "a senate, council of elders to denote the chief council of nations or cities the Sanhedrin",
    "to denote the chief council of nations or cities",
    "the Sanhedrin"
  ],
  "definition": "γερουσία gerousía, gher-oo-see'-ah; from G1088 ; the eldership, i.e. (collectively) the Jewish Sanhedrin:—senate.",
  "has_outline": true
}