{
  "strongs_number": "G1089",
  "lemma": "γεύομαι",
  "transliteration": "geuomai",
  "pronunciation": "ghyoo'-om-ahee",
  "pos": "verb",
  "etymology": "",
  "kjv_translation_count": "taste (12x), eat (3x).",
  "outline": [
    "to taste, to try the flavour of",
    "to taste i.e. perceive the flavour of, partake of, enjoy to feel, make trial of, experience",
    "i.e. perceive the flavour of, partake of, enjoy",
    "to feel, make trial of, experience",
    "to take food, eat, to take nourishment, eat"
  ],
  "definition": "γεύομαι geúomai, ghyoo'-om-ahee; a primary verb; to taste; by implication, to eat; figuratively, to experience (good or ill):—eat, taste.",
  "has_outline": true
}