{
  "strongs_number": "G1085",
  "lemma": "γένος",
  "transliteration": "genos",
  "pronunciation": "ghen'-os",
  "pos": "neuter noun",
  "etymology": "",
  "kjv_translation_count": "kind (5x), kindred (3x), offspring (3x), nation (2x), stock (2x), born (2x), diversity (1x), miscellaneous (3x).",
  "outline": [
    "kindred offspring family stock, tribe, nation i.e. nationality or descent from a particular people the aggregate of many individuals of the same nature, kind, sort",
    "offspring",
    "family",
    "stock, tribe, nation i.e. nationality or descent from a particular people",
    "i.e. nationality or descent from a particular people",
    "the aggregate of many individuals of the same nature, kind, sort"
  ],
  "definition": "γένος génos, ghen'-os; from G1096 ; \"kin\" (abstract or concrete, literal or figurative, individual or collective):—born, country(-man), diversity, generation, kind(-red), nation, offspring, stock.",
  "has_outline": true
}