{
  "strongs_number": "G1086",
  "lemma": "Γερασηνός",
  "transliteration": "gerasēnos",
  "pronunciation": "gher-ghes-ay-nos'",
  "pos": "adjective",
  "etymology": "",
  "kjv_translation_count": "Gergesenes (1x).",
  "outline": [
    "Gergesenes = \"a stranger drawing near\" ? also called Gadarenes, is assumed to have been located on the eastern shore of Lake Gennesaret",
    "also called Gadarenes, is assumed to have been located on the eastern shore of Lake Gennesaret"
  ],
  "definition": "Γεργεσηνός Gergesēnós, gher-ghes-ay-nos'; of Hebrew origin ( H1622 ); a Gergesene (i.e. Girgashite) or one of the aborigines of Palestine:—Gergesene.",
  "has_outline": true
}