{
  "strongs_number": "G1080",
  "lemma": "γεννάω",
  "transliteration": "gennaō",
  "pronunciation": "ghen-nah'-o",
  "pos": "verb",
  "etymology": "",
  "kjv_translation_count": "begat (49x), be born (39x), bear (2x), gender (2x), bring forth (1x), be delivered (1x), miscellaneous (3x).",
  "outline": [
    "of men who fathered children to be born to be begotten of women giving birth to children",
    "to be born",
    "to be begotten of women giving birth to children",
    "of women giving birth to children",
    "metaph. to engender, cause to arise, excite in a Jewish sense, of one who brings others over to his way of life, to convert someone of God making Christ his son of God making men his sons through faith in Christ's work",
    "to engender, cause to arise, excite",
    "in a Jewish sense, of one who brings others over to his way of life, to convert someone",
    "of God making Christ his son",
    "of God making men his sons through faith in Christ's work"
  ],
  "definition": "γεννάω gennáō, ghen-nah'-o; from a variation of G1085 ; to procreate (properly, of the father, but by extension of the mother); figuratively, to regenerate:—bear, beget, be born, bring forth, conceive, be delivered of, gender, make, spring.",
  "has_outline": true
}