{
  "strongs_number": "G1082",
  "lemma": "Γεννησαρέτ",
  "transliteration": "gennēsaret",
  "pronunciation": "ghen-nay-sar-et'",
  "pos": "proper locative noun",
  "etymology": "",
  "kjv_translation_count": "Gennesaret (3x).",
  "outline": [
    "Gennesaret = \"a harp\" a lake also called the sea of Galilee or the sea of Tiberias The lake 12 by 7 miles (20 by 11 km) and 700 feet (210 m) below the Mediterranean Sea. a very lovely and fertile region on the Sea of Galilee.",
    "a lake also called the sea of Galilee or the sea of Tiberias The lake 12 by 7 miles (20 by 11 km) and 700 feet (210 m) below the Mediterranean Sea.",
    "a very lovely and fertile region on the Sea of Galilee."
  ],
  "definition": "Γεννησαρέτ Gennēsarét, ghen-nay-sar-et'; of Hebrew origin (compare H3672 ); Gennesaret (i.e. Kinnereth), a lake and plain in Palestine:—Gennesaret.",
  "has_outline": true
}