{
  "strongs_number": "G108",
  "lemma": "Ἄζωτος",
  "transliteration": "azōtos",
  "pronunciation": "ad'-zo-tos",
  "pos": "proper locative noun",
  "etymology": "",
  "kjv_translation_count": "Azotus (1x).",
  "outline": [
    "Ashdod or Azotus = \"a stronghold\" one of the five chief cities of the Philistines, lying between Ashkelon and Jamnia and near the Mediterranean",
    "one of the five chief cities of the Philistines, lying between Ashkelon and Jamnia and near the Mediterranean"
  ],
  "definition": "Ἄζωτος Ázōtos, ad'-zo-tos; of Hebrew origin ( H795 ); Azotus (i.e. Ashdod), a place in Palestine:—Azotus.",
  "has_outline": true
}