{
  "strongs_number": "G1081",
  "lemma": "γέννημα",
  "transliteration": "gennēma",
  "pronunciation": "ghen'-nay-mah",
  "pos": "neuter noun",
  "etymology": "",
  "kjv_translation_count": "fruit (5x), generation (4x).",
  "outline": [
    "that which has been born or begotten the offspring or progeny of men or animals the fruits of the earth, the produce of agriculture",
    "the offspring or progeny of men or animals",
    "the fruits of the earth, the produce of agriculture"
  ],
  "definition": "† γέννημα génnēma, ghen'-nay-mah; from G1080 ; offspring; by analogy, produce (literally or figuratively):—fruit, generation.",
  "has_outline": true
}