{
  "strongs_number": "G1098",
  "lemma": "γλεῦκος",
  "transliteration": "gleukos",
  "pronunciation": "glyoo'-kos",
  "pos": "neuter noun",
  "etymology": "",
  "kjv_translation_count": "new wine (1x).",
  "outline": [
    "the sweet juice pressed the grape, sweet wine"
  ],
  "definition": "γλεῦκος gleûkos, glyoo'-kos; akin to G1099 ; sweet wine, i.e. (properly) must (fresh juice), but used of the more saccharine (and therefore highly inebriating) fermented wine:—new wine.",
  "has_outline": true
}