{
  "strongs_number": "G109",
  "lemma": "ἀήρ",
  "transliteration": "aēr",
  "pronunciation": "ah-ayr'",
  "pos": "masculine noun",
  "etymology": "",
  "kjv_translation_count": "air (7x).",
  "outline": [
    "the air, particularly the lower and denser air as distinguished from the higher and rarer air",
    "the atmospheric region"
  ],
  "definition": "ἀήρ aḗr, ah-ayr'; from ἄημι áēmi (to breathe unconsciously, i.e. respire; by analogy, to blow); \"air\" (as naturally circumambient):—air. Compare G5594 .",
  "has_outline": true
}