{
  "strongs_number": "G1093",
  "lemma": "γῆ",
  "transliteration": "gē",
  "pronunciation": "ghay",
  "pos": "feminine noun",
  "etymology": "",
  "kjv_translation_count": "earth (188x), land (42x), ground (18x), country (2x), world (1x), earthly (with G 1537) (with G 3588) (1x).",
  "outline": [
    "arable land",
    "the ground, the earth as a standing place",
    "the main land as opposed to the sea or water",
    "the earth as a whole the earth as opposed to the heavens the inhabited earth, the abode of men and animals",
    "the earth as opposed to the heavens",
    "the inhabited earth, the abode of men and animals",
    "a country, land enclosed within fixed boundaries, a tract of land, territory, region"
  ],
  "definition": "γῆ gē, ghay; contracted from a primary word; soil; by extension a region, or the solid part or the whole of the terrene globe (including the occupants in each application):—country, earth(-ly), ground, land, world.",
  "has_outline": true
}