{
  "strongs_number": "G1097",
  "lemma": "γινώσκω",
  "transliteration": "ginōskō",
  "pronunciation": "ghin-oce'-ko",
  "pos": "verb",
  "etymology": "",
  "kjv_translation_count": "know (196x), perceive (9x), understand (8x), miscellaneous (10x).",
  "outline": [
    "to learn to know, come to know, get a knowledge of perceive, feel to become known",
    "to become known",
    "to know, understand, perceive, have knowledge of to understand to know",
    "to understand",
    "to know",
    "sexual intercourse between a man and a woman 1",
    "to become acquainted with, to know"
  ],
  "definition": "γινώσκω ginṓskō, ghin-oce'-ko; a prolonged form of a primary verb; to \"know\" (absolutely) in a great variety of applications and with many implications (as follow, with others not thus clearly expressed):—allow, be aware (of), feel, (have) know(-ledge), perceived, be resolved, can speak, be sure, understand.",
  "has_outline": true
}