{
  "strongs_number": "G1096",
  "lemma": "γίνομαι",
  "transliteration": "ginomai",
  "pronunciation": "ghin'-om-ahee",
  "pos": "verb",
  "etymology": "",
  "kjv_translation_count": "be (255x), come to pass (82x), be made (69x), be done (63x), come (52x), become (47x), God forbid (with G 3361) (15x), arise (13x), have (5x), be fulfilled (3x), be married to (3x), be preferred (3x), not translated (14x), miscellaneous (4x), variations of 'done' (2x).",
  "outline": [
    "to become, i.e. to come into existence, begin to be, receive being",
    "to become, i.e. to come to pass, happen of events",
    "of events",
    "to arise, appear in history, come upon the stage of men appearing in public",
    "of men appearing in public",
    "to be made, finished of miracles, to be performed, wrought",
    "of miracles, to be performed, wrought",
    "to become, be made"
  ],
  "definition": "γίνομαι gínomai, ghin'-om-ahee; a prolongation and middle voice form of a primary verb; to cause to be (\"gen\"-erate), i.e. (reflexively) to become (come into being), used with great latitude (literal, figurative, intensive, etc.):—arise, be assembled, be(-come, -fall, -have self), be brought (to pass), (be) come (to pass), continue, be divided, draw, be ended, fall, be finished, follow, be found, be fulfilled, + God forbid, grow, happen, have, be kept, be made, be married, be ordained to be, partake, pass, be performed, be published, require, seem, be showed, × soon as it was, sound, be taken, be turned, use, wax, will, would, be wrought.",
  "has_outline": true
}