{
  "strongs_number": "G11",
  "lemma": "Ἀβραάμ",
  "transliteration": "abraam",
  "pronunciation": "ab-rah-am'",
  "pos": "proper masculine noun",
  "etymology": "",
  "kjv_translation_count": "Abraham (73x).",
  "outline": [
    "Abraham = \"father of a multitude\" the son of Terah and the founder of the Jewish nation",
    "the son of Terah and the founder of the Jewish nation"
  ],
  "definition": "Ἀβραάμ Abraám, ab-rah-am'; of Hebrew origin [ H85 ]; Abraham, the Hebrew patriarch:—Abraham. (In Acts 7:16 the text should probably read Jacob.)",
  "has_outline": true
}