{
  "strongs_number": "G1100",
  "lemma": "γλῶσσα",
  "transliteration": "glōssa",
  "pronunciation": "gloce-sah'",
  "pos": "feminine noun",
  "etymology": "",
  "kjv_translation_count": "tongue (50x).",
  "outline": [
    "the tongue, a member of the body, an organ of speech",
    "a tongue the language or dialect used by a particular people distinct from that of other nations",
    "the language or dialect used by a particular people distinct from that of other nations"
  ],
  "definition": "γλῶσσα glōssa, gloce-sah'; of uncertain affinity; the tongue; by implication, a language (specially, one naturally unacquired):—tongue.",
  "has_outline": true
}