{
  "strongs_number": "G1103",
  "lemma": "γνήσιος",
  "transliteration": "gnēsios",
  "pronunciation": "gnay'-see-os",
  "pos": "adjective",
  "etymology": "",
  "kjv_translation_count": "own (2x), sincerely (1x), true (1x).",
  "outline": [
    "legitimately born, not spurious",
    "true, genuine, sincere"
  ],
  "definition": "γνήσιος gnḗsios, gnay'-see-os; from the same as G1077 ; legitimate (of birth), i.e. genuine:—own, sincerity, true.",
  "has_outline": true
}