{
  "strongs_number": "G1106",
  "lemma": "γνώμη",
  "transliteration": "gnōmē",
  "pronunciation": "gno'-may",
  "pos": "feminine noun",
  "etymology": "",
  "kjv_translation_count": "judgment (3x), mind (2x), purpose (with G 1096) (1x), advice (1x), will (1x), agree (with G 4160) (with G 3391) (1x).",
  "outline": [
    "the faculty of knowledge, mind, reason",
    "that which is thought or known, one's mind view, judgment, opinion mind concerning what ought to be done by one's self: resolve purpose, intention by others: judgment, advice decree",
    "view, judgment, opinion",
    "mind concerning what ought to be done by one's self: resolve purpose, intention by others: judgment, advice decree",
    "by one's self: resolve purpose, intention",
    "by others: judgment, advice",
    "decree"
  ],
  "definition": "γνώμη gnṓmē, gno'-may; from G1097 ; cognition, i.e. (subjectively) opinion, or (objectively) resolve (counsel, consent, etc.):—advice, + agree, judgment, mind, purpose, will.",
  "has_outline": true
}