{
  "strongs_number": "G1107",
  "lemma": "γνωρίζω",
  "transliteration": "gnōrizō",
  "pronunciation": "gno-rid'-zo",
  "pos": "verb",
  "etymology": "",
  "kjv_translation_count": "make known (16x), declare (4x), certify (1x), give to understand (1x), do to wit (1x), wot (1x).",
  "outline": [
    "to make known to become known, be recognised",
    "to become known, be recognised",
    "to know, to gain knowledge of, have thorough knowledge of in earlier Greek it means \"to gain a knowledge of\" or \"have thorough knowledge of\"",
    "in earlier Greek it means \"to gain a knowledge of\" or \"have thorough knowledge of\""
  ],
  "definition": "γνωρίζω gnōrízō, gno-rid'-zo; from a derivative of G1097 ; to make known; subjectively, to know:—certify, declare, make known, give to understand, do to wit, wot.",
  "has_outline": true
}