{
  "strongs_number": "G1108",
  "lemma": "γνῶσις",
  "transliteration": "gnōsis",
  "pronunciation": "gno'-sis",
  "pos": "feminine noun",
  "etymology": "",
  "kjv_translation_count": "knowledge (28x), science (1x).",
  "outline": [
    "knowledge signifies in general intelligence, understanding the general knowledge of Christian religion the deeper more perfect and enlarged knowledge of this religion, such as belongs to the more advanced esp. of things lawful and unlawful for Christians moral wisdom, such as is seen in right living",
    "the general knowledge of Christian religion",
    "the deeper more perfect and enlarged knowledge of this religion, such as belongs to the more advanced",
    "esp. of things lawful and unlawful for Christians",
    "moral wisdom, such as is seen in right living"
  ],
  "definition": "γνῶσις gnōsis, gno'-sis; from G1097 ; knowing (the act), i.e. (by implication) knowledge:—knowledge, science.",
  "has_outline": true
}