{
  "strongs_number": "G1101",
  "lemma": "γλωσσόκομον",
  "transliteration": "glōssokomon",
  "pronunciation": "gloce-sok'-om-on",
  "pos": "neuter noun",
  "etymology": "",
  "kjv_translation_count": "bag (2x).",
  "outline": [
    "a case in which to keep mouth-pieces of wind instruments",
    "a small box for other uses esp. a casket, a purse to keep money in",
    "esp. a casket, a purse to keep money in"
  ],
  "definition": "γλωσσόκομον glōssókomon, gloce-sok'-om-on; from G1100 and the base of G2889 ; properly, a case (to keep mouthpieces of wind-instruments in) i.e. (by extension) a casket or (specially) purse:—bag.",
  "has_outline": true
}