{
  "strongs_number": "G1115",
  "lemma": "Γολγοθᾶ",
  "transliteration": "golgotha",
  "pronunciation": "gol-goth-ah'",
  "pos": "proper locative noun",
  "etymology": "",
  "kjv_translation_count": "Golgotha (3x).",
  "outline": [
    "Golgotha = \"skull\" the name of a place outside Jerusalem where Jesus was crucified; so called, apparently because its form resembled a skull",
    "the name of a place outside Jerusalem where Jesus was crucified; so called, apparently because its form resembled a skull"
  ],
  "definition": "Γολγοθᾶ Golgothâ, gol-goth-ah'; of Chaldee origin (compare H1538 ); the skull; Golgotha, a knoll near Jerusalem:—Golgotha.",
  "has_outline": true
}