{
  "strongs_number": "G1117",
  "lemma": "γόμος",
  "transliteration": "gomos",
  "pronunciation": "gom'-os",
  "pos": "masculine noun",
  "etymology": "",
  "kjv_translation_count": "merchandise (2x), burden (1x).",
  "outline": [
    "a lading or freight of a ship, cargo, merchandise conveyed in a ship",
    "any merchandise"
  ],
  "definition": "γόμος gómos, gom'-os; from G1073 ; a load (as filling), i.e. (specially) a cargo, or (by extension) wares:—burden, merchandise.",
  "has_outline": true
}