{
  "strongs_number": "G1112",
  "lemma": "γογγυσμός",
  "transliteration": "gongysmos",
  "pronunciation": "gong-goos-mos'",
  "pos": "masculine noun",
  "etymology": "",
  "kjv_translation_count": "murmuring (3x), grudging (1x).",
  "outline": [
    "a murmur, murmuring, muttering a secret debate a secret displeasure not openly avowed",
    "a secret debate",
    "a secret displeasure not openly avowed"
  ],
  "definition": "γογγυσμός gongysmós, gong-goos-mos'; from G1111 ; a grumbling:—grudging, murmuring.",
  "has_outline": true
}