{
  "strongs_number": "G1116",
  "lemma": "Γόμορρα",
  "transliteration": "gomorra",
  "pronunciation": "gom'-or-hrhah",
  "pos": "proper locative noun",
  "etymology": "",
  "kjv_translation_count": "Gomorrha (5x).",
  "outline": [
    "Gomorrha = \"submersion\" a city in eastern part of Judah that was destroyed when the Lord rained fire and brimstone on it; now covered by the Dead Sea",
    "a city in eastern part of Judah that was destroyed when the Lord rained fire and brimstone on it; now covered by the Dead Sea"
  ],
  "definition": "Γόμοῤῥα Gómorrha, gom'-or-hrhah; of Hebrew origin ( H6017 ); Gomorrha (i.e. Amorah), a place near the Dead Sea:—Gomorrha.",
  "has_outline": true
}