{
  "strongs_number": "G1114",
  "lemma": "γόης",
  "transliteration": "goēs",
  "pronunciation": "go'-ace",
  "pos": "masculine noun",
  "etymology": "",
  "kjv_translation_count": "seducer (1x).",
  "outline": [
    "a wailer, a howler",
    "a juggler, enchanter (because incantations used to be uttered in a kind of howl)",
    "a deceiver, imposter"
  ],
  "definition": "γόης góēs, go'-ace; from γοάω goáō (to wail); properly, a wizard (as muttering spells), i.e. (by implication) an imposter:—seducer.",
  "has_outline": true
}