{
  "strongs_number": "G1111",
  "lemma": "γογγύζω",
  "transliteration": "gongyzō",
  "pronunciation": "gong-good'-zo",
  "pos": "verb",
  "etymology": "",
  "kjv_translation_count": "murmur (8x).",
  "outline": [
    "to murmur, mutter, grumble, say anything against in a low tone of the cooing of doves of those who confer secretly together of those who discontentedly complain",
    "of the cooing of doves",
    "of those who confer secretly together",
    "of those who discontentedly complain"
  ],
  "definition": "γογγύζω gongýzō, gong-good'-zo; of uncertain derivation; to grumble:—murmur.",
  "has_outline": true
}