{
  "strongs_number": "G111",
  "lemma": "ἀθέμιτος",
  "transliteration": "athemitos",
  "pronunciation": "ath-em'-ee-tos",
  "pos": "adjective",
  "etymology": "",
  "kjv_translation_count": "unlawful thing (1x), abominable (1x).",
  "outline": [
    "contrary to law and justice, prohibited by law, illicit, criminal"
  ],
  "definition": "ἀθέμιτος athémitos, ath-em'-ee-tos; from G1 (as a negative particle) and a derivative of θέμις thémis (statute; from the base of G5087 ); illegal; by implication, flagitious:—abominable, unlawful thing.",
  "has_outline": true
}