{
  "strongs_number": "G1120",
  "lemma": "γονυπετέω",
  "transliteration": "gonypeteō",
  "pronunciation": "gon-oo-pet-eh'-o",
  "pos": "verb",
  "etymology": "",
  "kjv_translation_count": "kneel down to (2x), bow the knee (1x), kneel to (1x).",
  "outline": [
    "to fall on the knees, the act of imploring aid, and of expressing reverence and honour"
  ],
  "definition": "γονυπετέω gonypetéō, gon-oo-pet-eh'-o; from a compound of G1119 and the alternate of G4098 ; to fall on the knee:—bow the knee, kneel down.",
  "has_outline": true
}