{
  "strongs_number": "G112",
  "lemma": "ἄθεος",
  "transliteration": "atheos",
  "pronunciation": "ath'-eh-os",
  "pos": "adjective",
  "etymology": "",
  "kjv_translation_count": "without God (1x).",
  "outline": [
    "without God, knowing and worshipping no God",
    "denying the gods, esp. the recognised gods of the state",
    "godless, ungodly",
    "abandoned by the gods"
  ],
  "definition": "ἄθεος átheos, ath'-eh-os; from G1 (as a negative particle) and G2316 ; godless:—without God.",
  "has_outline": true
}