{
  "strongs_number": "G1127",
  "lemma": "γρηγορέω",
  "transliteration": "grēgoreō",
  "pronunciation": "gray-gor-yoo'-o",
  "pos": "verb",
  "etymology": "",
  "kjv_translation_count": "watch (21x), wake (1x), be vigilant (1x).",
  "outline": [
    "to watch",
    "metaph. give strict attention to, be cautious, active to take heed lest through remission and indolence some destructive calamity suddenly overtake one",
    "to take heed lest through remission and indolence some destructive calamity suddenly overtake one"
  ],
  "definition": "γρηγορεύω grēgoreúō, gray-gor-yoo'-o; from G1453 ; to keep awake, i.e. watch (literally or figuratively):—be vigilant, wake, (be) watch(-ful).",
  "has_outline": true
}