{
  "strongs_number": "G1124",
  "lemma": "γραφή",
  "transliteration": "graphē",
  "pronunciation": "graf-ay'",
  "pos": "feminine noun",
  "etymology": "",
  "kjv_translation_count": "scripture (51x).",
  "outline": [
    "a writing, thing written",
    "the Scripture, used to denote either the book itself, or its contents",
    "a certain portion or section of the Holy Scripture"
  ],
  "definition": "γραφή graphḗ, graf-ay'; from G1125 ; a document, i.e. holy Writ (or its contents or a statement in it):—scripture.",
  "has_outline": true
}