{
  "strongs_number": "G1121",
  "lemma": "γράμμα",
  "transliteration": "gramma",
  "pronunciation": "gram'-mah",
  "pos": "neuter noun",
  "etymology": "",
  "kjv_translation_count": "letter (9x), bill (2x), writing (1x), learning (1x), scriptures (1x), written (with G 1722) (1x).",
  "outline": [
    "a letter",
    "any writing, a document or record a note of hand, bill, bond, account, written acknowledgement of a debt a letter, an epistle the sacred writings (of the OT)",
    "a note of hand, bill, bond, account, written acknowledgement of a debt",
    "a letter, an epistle",
    "the sacred writings (of the OT)",
    "letters, i.e. learning of sacred learning",
    "of sacred learning"
  ],
  "definition": "γράμμα grámma, gram'-mah; from G1125 ; a writing, i.e. a letter, note, epistle, book, etc.; plural learning:—bill, learning, letter, scripture, writing, written.",
  "has_outline": true
}