{
  "strongs_number": "G1128",
  "lemma": "γυμνάζω",
  "transliteration": "gymnazō",
  "pronunciation": "goom-nad'-zo",
  "pos": "verb",
  "etymology": "",
  "kjv_translation_count": "exercise (4x).",
  "outline": [
    "to exercise naked (in a palaestra or school of athletics)",
    "to exercise vigorously, in any way, either the body or the mind"
  ],
  "definition": "γυμνάζω gymnázō, goom-nad'-zo; from G1131 ; to practise naked (in the games), i.e. train (figuratively):—exercise.",
  "has_outline": true
}