{
  "strongs_number": "G1125",
  "lemma": "γράφω",
  "transliteration": "graphō",
  "pronunciation": "graf'-o",
  "pos": "verb",
  "etymology": "",
  "kjv_translation_count": "write (206x), writing (1x), describe (1x), variations of 'write' (1x).",
  "outline": [
    "to write, with reference to the form of the letters to delineate (or form) letters on a tablet, parchment, paper, or other material",
    "to delineate (or form) letters on a tablet, parchment, paper, or other material",
    "to write, with reference to the contents of the writing to express in written characters to commit to writing (things not to be forgotten), write down, record used of those things which stand written in the sacred books (of the OT) to write to one, i.e. by writing (in a written epistle) to give information, directions",
    "to express in written characters",
    "to commit to writing (things not to be forgotten), write down, record",
    "used of those things which stand written in the sacred books (of the OT)",
    "to write to one, i.e. by writing (in a written epistle) to give information, directions",
    "to fill with writing",
    "to draw up in writing, compose"
  ],
  "definition": "† γράφω gráphō, graf'-o; a primary verb; to \"grave\", especially to write; figuratively, to describe:—describe, write(-ing, -ten).",
  "has_outline": true
}