{
  "strongs_number": "G1129",
  "lemma": "γυμνασία",
  "transliteration": "gymnasia",
  "pronunciation": "goom-nas-ee'-ah",
  "pos": "feminine noun",
  "etymology": "",
  "kjv_translation_count": "exercise (1x).",
  "outline": [
    "the exercise of the body in a palaestra or school of athletics",
    "any exercise whatever the exercise of conscientiousness relative to the body such as is characteristic of ascetics and consists in abstinence from matrimony and certain kinds of food",
    "the exercise of conscientiousness relative to the body such as is characteristic of ascetics and consists in abstinence from matrimony and certain kinds of food"
  ],
  "definition": "γυμνασία gymnasía, goom-nas-ee'-ah; from G1128 ; training, i.e. (figuratively) asceticism:—exercise.",
  "has_outline": true
}