{
  "strongs_number": "G113",
  "lemma": "ἄθεσμος",
  "transliteration": "athesmos",
  "pronunciation": "ath'-es-mos",
  "pos": "adjective",
  "etymology": "",
  "kjv_translation_count": "wicked (2x).",
  "outline": [
    "one who breaks through the restraint of law and gratifies his lusts"
  ],
  "definition": "ἄθεσμος áthesmos, ath'-es-mos; from G1 (as a negative particle) and a derivative of G5087 (in the sense of enacting); lawless, i.e. (by implication) criminal:—wicked.",
  "has_outline": true
}