{
  "strongs_number": "G1130",
  "lemma": "γυμνητεύω",
  "transliteration": "gymnēteuō",
  "pronunciation": "goom-nayt-yoo'-o",
  "pos": "verb",
  "etymology": "",
  "kjv_translation_count": "be naked (1x).",
  "outline": [
    "to be lightly or poorly clad",
    "to be a light armed soldier"
  ],
  "definition": "γυμνητεύω gymnēteúō, goom-nayt-yoo'-o; from a derivative of G1131 ; to strip, i.e. (reflexively) go poorly clad:—be naked.",
  "has_outline": true
}