{
  "strongs_number": "G1136",
  "lemma": "Γώγ",
  "transliteration": "gōg",
  "pronunciation": "gogue",
  "pos": "proper locative noun",
  "etymology": "",
  "kjv_translation_count": "Gog (1x).",
  "outline": [
    "Gog = \"mountain\" the king of the land of Magog who will come from the north and attack the land of Israel",
    "the king of the land of Magog who will come from the north and attack the land of Israel"
  ],
  "definition": "Γώγ Gṓg, gogue; of Hebrew origin ( H1463 ); Gog, a symbolic name for some future Antichrist:—Gog.",
  "has_outline": true
}