{
  "strongs_number": "G1139",
  "lemma": "δαιμονίζομαι",
  "transliteration": "daimonizomai",
  "pronunciation": "dahee-mon-id'-zom-ahee",
  "pos": "verb",
  "etymology": "",
  "kjv_translation_count": "possessed with devils (4x), possessed with the devil (3x), of the devils (2x), vexed with a devil (1x), possessed with a devil (1x), have a devil (1x).",
  "outline": [
    "to be under the power of a demon."
  ],
  "definition": "δαιμονίζομαι daimonízomai, dahee-mon-id'-zom-ahee; middle voice from G1142 ; to be exercised by a dæmon:—have a (be vexed with, be possessed with) devil(-s).",
  "has_outline": true
}