{
  "strongs_number": "G1135",
  "lemma": "γυνή",
  "transliteration": "gynē",
  "pronunciation": "goo-nay'",
  "pos": "feminine noun",
  "etymology": "",
  "kjv_translation_count": "women (129x), wife (92x).",
  "outline": [
    "a woman of any age, whether a virgin, or married, or a widow",
    "a wife of a betrothed woman",
    "of a betrothed woman"
  ],
  "definition": "γυνή gynḗ, goo-nay'; probably from the base of G1096 ; a woman; specially, a wife:—wife, woman.",
  "has_outline": true
}