{
  "strongs_number": "G1131",
  "lemma": "γυμνός",
  "transliteration": "gymnos",
  "pronunciation": "goom-nos'",
  "pos": "adjective",
  "etymology": "",
  "kjv_translation_count": "naked (14x), bare (1x).",
  "outline": [
    "properly unclad, without clothing, the naked body ill clad clad in undergarments only (the outer garments or cloak being laid aside) of the soul, whose garment is the body, stripped of the body, without a body",
    "unclad, without clothing, the naked body",
    "ill clad",
    "clad in undergarments only (the outer garments or cloak being laid aside)",
    "of the soul, whose garment is the body, stripped of the body, without a body",
    "metaph. naked, i.e. open, lay bare only, mere, bare, i.e. mere grain not the plant itself",
    "naked, i.e. open, lay bare",
    "only, mere, bare, i.e. mere grain not the plant itself"
  ],
  "definition": "γυμνός gymnós, goom-nos'; of uncertain affinity; nude (absolute or relative, literal or figurative):—naked.",
  "has_outline": true
}