{
  "strongs_number": "G1137",
  "lemma": "γωνία",
  "transliteration": "gōnia",
  "pronunciation": "go-nee'-ah",
  "pos": "feminine noun",
  "etymology": "",
  "kjv_translation_count": "corner (8x), quarter (1x).",
  "outline": [
    "corner an external angle, a corner internal corner, i.e. a secret place",
    "an external angle, a corner",
    "internal corner, i.e. a secret place"
  ],
  "definition": "γωνία gōnía, go-nee'-ah; probably akin to G1119 ; an angle:—corner, quarter.",
  "has_outline": true
}