{
  "strongs_number": "G1149",
  "lemma": "Δαλματία",
  "transliteration": "dalmatia",
  "pronunciation": "dal-mat-ee'-ah",
  "pos": "proper locative noun",
  "etymology": "",
  "kjv_translation_count": "Dalmatia (1x).",
  "outline": [
    "Dalmatia = \"a priestly robe\" a part of Illyricum on the Adriatic Sea; on the east adjoining Pannonia and upper Moesia, on the north separated from Liburia by the river Titus, and extending southwards as far as the river Drinus and the city Lissus",
    "a part of Illyricum on the Adriatic Sea; on the east adjoining Pannonia and upper Moesia, on the north separated from Liburia by the river Titus, and extending southwards as far as the river Drinus and the city Lissus"
  ],
  "definition": "Δαλματία Dalmatía, dal-mat-ee'-ah; probably of foreign derivation; Dalmatia, a region of Europe:—Dalmatia.",
  "has_outline": true
}