{
  "strongs_number": "G1140",
  "lemma": "δαιμόνιον",
  "transliteration": "daimonion",
  "pronunciation": "dahee-mon'-ee-on",
  "pos": "neuter noun",
  "etymology": "",
  "kjv_translation_count": "devil (59x), god (1x).",
  "outline": [
    "the divine power, deity, divinity",
    "a spirit, a being inferior to God, superior to men",
    "evil spirits or the messengers and ministers of the devil"
  ],
  "definition": "δαιμόνιον daimónion, dahee-mon'-ee-on; neuter of a derivative of G1142 ; a dæmonic being; by extension a deity:—devil, god.",
  "has_outline": true
}