{
  "strongs_number": "G1148",
  "lemma": "Δαλμανουθά",
  "transliteration": "dalmanoutha",
  "pronunciation": "dal-man-oo-thah'",
  "pos": "proper locative noun",
  "etymology": "",
  "kjv_translation_count": "Dalmanutha (1x).",
  "outline": [
    "Dalmanutha = \"slow firebrand\" is a town on the west side of the Sea of Galilee, near Magdala",
    "is a town on the west side of the Sea of Galilee, near Magdala"
  ],
  "definition": "Δαλμανουθά Dalmanouthá, dal-man-oo-thah'; probably of Chaldee origin; Dalmanutha, a place in Palestine:—Dalmanutha.",
  "has_outline": true
}