{
  "strongs_number": "G1142",
  "lemma": "δαίμων",
  "transliteration": "daimōn",
  "pronunciation": "dah'-ee-mown",
  "pos": "masculine/feminine noun",
  "etymology": "",
  "kjv_translation_count": "devils (4x), devil (1x).",
  "outline": [
    "a god, a goddess an inferior deity, whether good or bad",
    "an inferior deity, whether good or bad",
    "in the NT, an evil spirit"
  ],
  "definition": "δαίμων daímōn, dah'-ee-mown; from δαίω daíō (to distribute fortunes); a dæmon or supernatural spirit (of a bad nature):—devil.",
  "has_outline": true
}