{
  "strongs_number": "G114",
  "lemma": "ἀθετέω",
  "transliteration": "atheteō",
  "pronunciation": "ath-et-eh'-o",
  "pos": "verb",
  "etymology": "",
  "kjv_translation_count": "despise (8x), reject (4x), bring to nothing (1x), frustrate (1x), disannul (1x), cast off (1x).",
  "outline": [
    "to do away with, to set aside, disregard",
    "to thwart the efficacy of anything, nullify, make void, frustrate",
    "to reject, to refuse, to slight"
  ],
  "definition": "ἀθετέω athetéō, ath-et-eh'-o; from a compound of G1 (as a negative particle) and a derivative of G5087 ; to set aside, i.e. (by implication) to disesteem, neutralize or violate:—cast off, despise, disannul, frustrate, bring to nought, reject.",
  "has_outline": true
}