{
  "strongs_number": "G1155",
  "lemma": "δανείζω",
  "transliteration": "daneizō",
  "pronunciation": "dan-ide'-zo",
  "pos": "verb",
  "etymology": "",
  "kjv_translation_count": "lend (3x), borrow (1x).",
  "outline": [
    "to lend money",
    "to have money lent to one's self",
    "to take a loan, borrow"
  ],
  "definition": "† δανείζω daneízō, dan-ide'-zo; from G1156 ; to loan on interest; reflexively, to borrow:—borrow, lend.",
  "has_outline": true
}