{
  "strongs_number": "G1151",
  "lemma": "δάμαλις",
  "transliteration": "damalis",
  "pronunciation": "dam'-al-is",
  "pos": "feminine noun",
  "etymology": "",
  "kjv_translation_count": "heifer (1x).",
  "outline": [
    "a young cow, heifer of the red heifer with whose ashes, by the Mosaic law, those were to be sprinkled who had become defiled",
    "of the red heifer with whose ashes, by the Mosaic law, those were to be sprinkled who had become defiled"
  ],
  "definition": "δάμαλις dámalis, dam'-al-is; probably from the base of G1150 ; a heifer (as tame):—heifer.",
  "has_outline": true
}