{
  "strongs_number": "G1159",
  "lemma": "δαπανάω",
  "transliteration": "dapanaō",
  "pronunciation": "dap-an-ah'-o",
  "pos": "verb",
  "etymology": "",
  "kjv_translation_count": "spend (3x), be at charges with (1x), consume (1x).",
  "outline": [
    "to incur expense, expend, spend",
    "in a bad sense: to waste, squander, consume"
  ],
  "definition": "δαπανάω dapanáō, dap-an-ah'-o; from G1160 ; to expend, i.e. (in a good sense) to incur cost, or (in a bad one) to waste:—be at charges, consume, spend.",
  "has_outline": true
}