{
  "strongs_number": "G1154",
  "lemma": "Δαμασκός",
  "transliteration": "damaskos",
  "pronunciation": "dam-as-kos'",
  "pos": "proper locative noun",
  "etymology": "",
  "kjv_translation_count": "Damascus (15x).",
  "outline": [
    "Damascus = \"silent is the sackcloth weaver\" one of the most ancient and most important cities of Syria lying in [a most] 1 lovely and fertile plain at the eastern base of the Antilibanus",
    "one of the most ancient and most important cities of Syria lying in [a most] 1 lovely and fertile plain at the eastern base of the Antilibanus"
  ],
  "definition": "Δαμασκός Damaskós, dam-as-kos'; of Hebrew origin ( H1834 ); Damascus, a city of Syria:—Damascus.",
  "has_outline": true
}