{
  "strongs_number": "G1152",
  "lemma": "Δάμαρις",
  "transliteration": "damaris",
  "pronunciation": "dam'-ar-is",
  "pos": "proper feminine noun",
  "etymology": "",
  "kjv_translation_count": "Damaris (1x).",
  "outline": [
    "Damaris = \"a heifer\" an Athenian woman converted to Christianity by Paul's preaching",
    "an Athenian woman converted to Christianity by Paul's preaching"
  ],
  "definition": "Δάμαρις Dámaris, dam'-ar-is; probably from the base of G1150 ; perhaps gentle; Damaris, an Athenian woman:—Damaris.",
  "has_outline": true
}