{
  "strongs_number": "G1158",
  "lemma": "Δανιήλ",
  "transliteration": "daniēl",
  "pronunciation": "dan-ee-ale'",
  "pos": "proper masculine noun",
  "etymology": "",
  "kjv_translation_count": "Daniel (2x).",
  "outline": [
    "Daniel = \"judgment of God\" the name of a Jewish prophet, noted for his wisdom and prophecies",
    "the name of a Jewish prophet, noted for his wisdom and prophecies"
  ],
  "definition": "Δανιήλ Daniḗl, dan-ee-ale'; of Hebrew origin ( H1840 ); Daniel, an Israelite:—Daniel.",
  "has_outline": true
}