{
  "strongs_number": "G115",
  "lemma": "ἀθέτησις",
  "transliteration": "athetēsis",
  "pronunciation": "ath-et'-ay-sis",
  "pos": "feminine noun",
  "etymology": "",
  "kjv_translation_count": "disannulling (1x), to put away (with G 1519) (1x).",
  "outline": [
    "abolition, disannulling, put away, rejection"
  ],
  "definition": "ἀθέτησις athétēsis, ath-et'-ay-sis; from G114 ; cancellation (literally or figuratively):—disannulling, put away.",
  "has_outline": true
}