{
  "strongs_number": "G1162",
  "lemma": "δέησις",
  "transliteration": "deēsis",
  "pronunciation": "deh'-ay-sis",
  "pos": "feminine noun",
  "etymology": "",
  "kjv_translation_count": "prayer (12x), supplication (6x), request (1x).",
  "outline": [
    "need, indigence, want, privation, penury",
    "a seeking, asking, entreating, entreaty to God or to man"
  ],
  "definition": "δέησις déēsis, deh'-ay-sis; from G1189 ; a petition:—prayer, request, supplication.",
  "has_outline": true
}