{
  "strongs_number": "G116",
  "lemma": "Ἀθῆναι",
  "transliteration": "athēnai",
  "pronunciation": "ath-ay-nahee",
  "pos": "proper locative noun",
  "etymology": "",
  "kjv_translation_count": "Athens (6x).",
  "outline": [
    "Athens = \"uncertainty\" A famous city in Greece, the capital of Attica, and the chief seat of learning and civilisation during the golden period of the history of Greece",
    "A famous city in Greece, the capital of Attica, and the chief seat of learning and civilisation during the golden period of the history of Greece"
  ],
  "definition": "Ἀθῆναι Athēnai, ath-ay-nahee; plural of Ἀθήνη Athḗnē (the goddess of wisdom, who was reputed to have founded the city); Athenæ, the capitol of Greece:—Athens.",
  "has_outline": true
}