{
  "strongs_number": "G1166",
  "lemma": "δεικνύω",
  "transliteration": "deiknyō",
  "pronunciation": "dike-noo'-o",
  "pos": "verb",
  "etymology": "",
  "kjv_translation_count": "show (31x).",
  "outline": [
    "to show, expose to the eyes",
    "metaph. to give evidence or proof of a thing to show by words or teach",
    "to give evidence or proof of a thing",
    "to show by words or teach"
  ],
  "definition": "† δεικνύω deiknýō, dike-noo'-o; a prolonged form of an obsolete primary of the same meaning; to show (literally or figuratively):—shew.",
  "has_outline": true
}