{
  "strongs_number": "G1161",
  "lemma": "δέ",
  "transliteration": "de",
  "pronunciation": "deh",
  "pos": "conjunction",
  "etymology": "",
  "kjv_translation_count": "but (1,: 237x), and (934x), now (166x), then (132x), also (18x), yet (16x), yea (13x), so (13x), moreover (13x), nevertheless (11x), for (4x), even (3x), miscellaneous (10x), not translated (300x).",
  "outline": [
    "but, moreover, and, etc."
  ],
  "definition": "δέ dé, deh; a primary particle (adversative or continuative); but, and, etc.:—also, and, but, moreover, now (often unexpressed in English).",
  "has_outline": true
}