{
  "strongs_number": "G1179",
  "lemma": "Δεκάπολις",
  "transliteration": "dekapolis",
  "pronunciation": "dek-ap'-ol-is",
  "pos": "proper locative noun",
  "etymology": "",
  "kjv_translation_count": "Decapolis (3x).",
  "outline": [
    "Decapolis = \"ten cities\" a track of land so called from the ten cities that were in it according to Pliny, these cities were: Damascus, Opoton, Philadelphia, Raphana, Scythopolis, Gadara, Hippondion, Pella, Galasa, and Canatha (Gill)",
    "a track of land so called from the ten cities that were in it according to Pliny, these cities were: Damascus, Opoton, Philadelphia, Raphana, Scythopolis, Gadara, Hippondion, Pella, Galasa, and Canatha (Gill)",
    "according to Pliny, these cities were: Damascus, Opoton, Philadelphia, Raphana, Scythopolis, Gadara, Hippondion, Pella, Galasa, and Canatha (Gill)"
  ],
  "definition": "Δεκάπολις Dekápolis, dek-ap'-ol-is; from G1176 and G4172 ; the ten-city region; the Decapolis, a district in Syria:—Decapolis.",
  "has_outline": true
}