{
  "strongs_number": "G1174",
  "lemma": "δεισιδαίμων",
  "transliteration": "deisidaimōn",
  "pronunciation": "dice-ee-dahee-mon-es'-ter-os",
  "pos": "adjective",
  "etymology": "",
  "kjv_translation_count": "too superstitious (1x).",
  "outline": [
    "in a good sense reverencing god or the gods, pious, religious",
    "reverencing god or the gods, pious, religious",
    "in a bad sense superstitious",
    "superstitious"
  ],
  "definition": "† δεισιδαιμονέστερος deisidaimonésteros, dice-ee-dahee-mon-es'-ter-os; the compound of a derivative of the base of G1169 and G1142 ; more religious than others:—too superstitious.",
  "has_outline": true
}