{
  "strongs_number": "G1175",
  "lemma": "δεισιδαιμονία",
  "transliteration": "deisidaimonia",
  "pronunciation": "dice-ee-dahee-mon-ee'-ah",
  "pos": "feminine noun",
  "etymology": "",
  "kjv_translation_count": "superstition (1x).",
  "outline": [
    "in a good sense reverencing god or the gods, pious, religious",
    "reverencing god or the gods, pious, religious",
    "in a bad sense superstitious",
    "superstitious",
    "religious"
  ],
  "definition": "δεισιδαιμονία deisidaimonía, dice-ee-dahee-mon-ee'-ah; from the same as G1174 ; religion:—superstition.",
  "has_outline": true
}