{
  "strongs_number": "G1173",
  "lemma": "δεῖπνον",
  "transliteration": "deipnon",
  "pronunciation": "dipe'-non",
  "pos": "neuter noun",
  "etymology": "",
  "kjv_translation_count": "supper (13x), feast (3x).",
  "outline": [
    "used of the Messiah's feast, symbolising salvation in the kingdom"
  ],
  "definition": "δεῖπνον deîpnon, dipe'-non; from the same as G1160 ; dinner, i.e. the chief meal (usually in the evening):—feast, supper.",
  "has_outline": true
}