{
  "strongs_number": "G1170",
  "lemma": "δεῖνα",
  "transliteration": "deina",
  "pronunciation": "di'-nah",
  "pos": "masculine/feminine/neuter noun",
  "etymology": "",
  "kjv_translation_count": "such a man (1x).",
  "outline": [
    "such a one, a certain one, i.e. one whose name I cannot call on the instant, or whose name it is of no importance to mention"
  ],
  "definition": "δεῖνα deîna, di'-nah; probably from the same as G1171 (through the idea of forgetting the name as fearful, i.e. strange); so and so (when the person is not specified):—such a man.",
  "has_outline": true
}