{
  "strongs_number": "G118",
  "lemma": "ἀθλέω",
  "transliteration": "athleō",
  "pronunciation": "ath-leh'-o",
  "pos": "verb",
  "etymology": "",
  "kjv_translation_count": "strive (2x).",
  "outline": [
    "to engage in a contest, contend in public games, contend for a prize",
    "to endure, suffer"
  ],
  "definition": "ἀθλέω athléō, ath-leh'-o; from ἄθλος áthlos (a contest in the public lists); to contend in the competitive games:—strive.",
  "has_outline": true
}