{
  "strongs_number": "G1189",
  "lemma": "δέομαι",
  "transliteration": "deomai",
  "pronunciation": "deh'-om-ahee",
  "pos": "verb",
  "etymology": "",
  "kjv_translation_count": "pray (12x), beseech (9x), make request (1x).",
  "outline": [
    "to want, lack",
    "to desire, long for",
    "to ask, beg the thing asked for to pray, make supplications",
    "the thing asked for",
    "to pray, make supplications"
  ],
  "definition": "δέομαι déomai, deh'-om-ahee; middle voice of G1210 ; to beg (as binding oneself), i.e. petition:—beseech, pray (to), make request. Compare G4441 .",
  "has_outline": true
}