{
  "strongs_number": "G1188",
  "lemma": "δεξιός",
  "transliteration": "dexios",
  "pronunciation": "dex-ee-os'",
  "pos": "adjective",
  "etymology": "",
  "kjv_translation_count": "right hand (39x), right (12x), right side (2x).",
  "outline": [
    "the right, the right hand",
    "metaph. a place of honour or authority",
    "a place of honour or authority"
  ],
  "definition": "δεξιός dexiós, dex-ee-os'; from G1209 ; the right side or (feminine) hand (as that which usually takes):—right (hand, side).",
  "has_outline": true
}