{
  "strongs_number": "G1187",
  "lemma": "δεξιολάβος",
  "transliteration": "dexiolabos",
  "pronunciation": "dex-ee-ol-ab'-os",
  "pos": "masculine noun",
  "etymology": "",
  "kjv_translation_count": "spearmen (1x).",
  "outline": [
    "throwing with the right hand, a slinger, an archer, javelinmen"
  ],
  "definition": "δεξιολάβος dexiolábos, dex-ee-ol-ab'-os; from G1188 and G2983 ; a guardsman (as if taking the right) or light-armed soldier:—spearman.",
  "has_outline": true
}