{
  "strongs_number": "G1185",
  "lemma": "δελεάζω",
  "transliteration": "deleazō",
  "pronunciation": "del-eh-ad'-zo",
  "pos": "verb",
  "etymology": "",
  "kjv_translation_count": "entice (1x), beguile (1x), allure (1x).",
  "outline": [
    "to bait, catch by a bait",
    "metaph. to beguile by blandishments, allure, entice, deceive"
  ],
  "definition": "δελεάζω deleázō, del-eh-ad'-zo; from the base of G1388 ; to entrap, i.e. (figuratively) delude:—allure, beguile, entice.",
  "has_outline": true
}