{
  "strongs_number": "G1181",
  "lemma": "δεκάτη",
  "transliteration": "dekatē",
  "pronunciation": "dek-at'-ay",
  "pos": "adjective",
  "etymology": "",
  "kjv_translation_count": "tithe (2x), tenth part (1x), tenth (1x).",
  "outline": [
    "a tenth part of anything, a tithe the tenth party of booty taken from an enemy the tithes of fruits of the earth and of flocks, which by the law of Moses were presented to the Levites in the congregation of Israel",
    "the tenth party of booty taken from an enemy",
    "the tithes of fruits of the earth and of flocks, which by the law of Moses were presented to the Levites in the congregation of Israel"
  ],
  "definition": "δεκάτη dekátē, dek-at'-ay; feminine of G1182 ; a tenth, i.e. as a percentage or (technically) tithe:—tenth (part), tithe.",
  "has_outline": true
}