{
  "strongs_number": "G1195",
  "lemma": "δεσμεύω",
  "transliteration": "desmeuō",
  "pronunciation": "des-myoo'-o",
  "pos": "verb",
  "etymology": "",
  "kjv_translation_count": "bind (2x).",
  "outline": [
    "to put in chains",
    "to bind up, bind together"
  ],
  "definition": "δεσμεύω desmeúō, des-myoo'-o; from a (presumed) derivative of G1196 ; to be a binder (captor), i.e. to enchain (a prisoner), to tie on (a load):—bind.",
  "has_outline": true
}