{
  "strongs_number": "G1199",
  "lemma": "δεσμός",
  "transliteration": "desmos",
  "pronunciation": "des-mon'",
  "pos": "masculine noun",
  "etymology": "",
  "kjv_translation_count": "bond (15x), band (3x), string (1x), chain (1x).",
  "outline": [
    "a band or bond"
  ],
  "definition": "δεσμόν desmón, des-mon'; neuter and masculine respectively from G1210 ; a band, i.e. ligament (of the body) or shackle (of a prisoner); figuratively, an impediment or disability:—band, bond, chain, string.",
  "has_outline": true
}