{
  "strongs_number": "G1191",
  "lemma": "Δέρβη",
  "transliteration": "derbē",
  "pronunciation": "der-bay'",
  "pos": "proper locative noun",
  "etymology": "",
  "kjv_translation_count": "Derbe (3x).",
  "outline": [
    "Derbe = \"tanner: tanner of skin: coverer with skin\" a city of Lycaonia, on the confines of Isauria",
    "a city of Lycaonia, on the confines of Isauria"
  ],
  "definition": "Δέρβη Dérbē, der-bay'; of foreign origin; Derbe, a place in Asia Minor:—Derbe.",
  "has_outline": true
}