{
  "strongs_number": "G12",
  "lemma": "ἄβυσσος",
  "transliteration": "abyssos",
  "pronunciation": "ab'-us-sos",
  "pos": "feminine noun",
  "etymology": "",
  "kjv_translation_count": "bottomless pit (5x), deep (2x), bottomless (2x).",
  "outline": [
    "bottomless",
    "unbounded",
    "the abyss the pit the immeasurable depth of Orcus, a very deep gulf or chasm in the lowest parts of the earth used as the common receptacle of the dead and especially as the abode of demons",
    "the pit",
    "the immeasurable depth",
    "of Orcus, a very deep gulf or chasm in the lowest parts of the earth used as the common receptacle of the dead and especially as the abode of demons"
  ],
  "definition": "ἄβυσσος abyssos, ab'-us-sos; from G1 (as a negative particle) and a variation of G1037 ; depthless, i.e. (specially) (infernal) \"abyss\":—deep, (bottomless) pit.",
  "has_outline": true
}