{
  "strongs_number": "G1205",
  "lemma": "δεῦτε",
  "transliteration": "deute",
  "pronunciation": "dyoo'-teh",
  "pos": "adverb",
  "etymology": "",
  "kjv_translation_count": "come (12x), follow (with G 3694) (1x).",
  "outline": [
    "come hither, come here, come",
    "interjection, come!, come now!"
  ],
  "definition": "δεῦτε deûte, dyoo'-teh; from G1204 and an imperative form of εἶμι eîmi (to go); come hither!:—come, × follow.",
  "has_outline": true
}