{
  "strongs_number": "G1206",
  "lemma": "δευτεραῖος",
  "transliteration": "deuteraios",
  "pronunciation": "dyoo-ter-ah'-yos",
  "pos": "adjective",
  "etymology": "",
  "kjv_translation_count": "next day (1x).",
  "outline": [
    "of or belonging to the second",
    "of one who comes or does a thing, on the second day"
  ],
  "definition": "δευτεραῖος deuteraîos, dyoo-ter-ah'-yos; from G1208 ; secondary, i.e. (specially) on the second day:—next day.",
  "has_outline": true
}