{
  "strongs_number": "G1204",
  "lemma": "δεῦρο",
  "transliteration": "deuro",
  "pronunciation": "dyoo'-ro",
  "pos": "adverb",
  "etymology": "",
  "kjv_translation_count": "come (6x), come hither (2x), hitherto (with G 891) (with G 3588) (1x).",
  "outline": [
    "of place, hither to this place in urging and calling, here! come!",
    "hither to this place",
    "in urging and calling, here! come!",
    "of time, hither to, now"
  ],
  "definition": "δεῦρο deûro, dyoo'-ro; of uncertain affinity; here; used also imperative hither!; and of time, hitherto:—come (hither), hither(-to).",
  "has_outline": true
}