{
  "strongs_number": "G1209",
  "lemma": "δέχομαι",
  "transliteration": "dechomai",
  "pronunciation": "dekh'-om-ahee",
  "pos": "verb",
  "etymology": "",
  "kjv_translation_count": "receive (52x), take (4x), accept (2x), take up (1x).",
  "outline": [
    "to take with the hand to take hold of, take up",
    "to take hold of, take up",
    "to take up, receive used of a place receiving one to receive or grant access to, a visitor, not to refuse intercourse or friendship to receive hospitality to receive into one's family to bring up or educate of the thing offered in speaking, teaching, instructing to receive favourably, give ear to, embrace, make one's own, approve, not to reject to receive. i.e. to take upon one's self, sustain, bear, endure",
    "used of a place receiving one",
    "to receive or grant access to, a visitor, not to refuse intercourse or friendship to receive hospitality to receive into one's family to bring up or educate",
    "to receive hospitality",
    "to receive into one's family to bring up or educate",
    "of the thing offered in speaking, teaching, instructing to receive favourably, give ear to, embrace, make one's own, approve, not to reject",
    "to receive favourably, give ear to, embrace, make one's own, approve, not to reject",
    "to receive. i.e. to take upon one's self, sustain, bear, endure",
    "to receive, get to learn",
    "to learn"
  ],
  "definition": "δέχομαι déchomai, dekh'-om-ahee; middle voice of a primary verb; to receive (in various applications, literally or figuratively):—accept, receive, take. Compare G2983 .",
  "has_outline": true
}