{
  "strongs_number": "G1208",
  "lemma": "δεύτερος",
  "transliteration": "deuteros",
  "pronunciation": "dyoo'-ter-os",
  "pos": "adjective",
  "etymology": "",
  "kjv_translation_count": "second (34x), the second time (with G 1537) (4x), the second time (4x), again (with G 1537) (2x), again (1x), secondarily (1x), afterward (1x).",
  "outline": [
    "the second, the other of two"
  ],
  "definition": "δεύτερος deúteros, dyoo'-ter-os; as the comparative of G1417 ; (ordinal) second (in time, place, or rank; also adverb):—afterward, again, second(-arily, time).",
  "has_outline": true
}