{
  "strongs_number": "G1200",
  "lemma": "δεσμοφύλαξ",
  "transliteration": "desmophylax",
  "pronunciation": "des-mof-oo'-lax",
  "pos": "masculine noun",
  "etymology": "",
  "kjv_translation_count": "keeper of the prison (2x), jailor (1x).",
  "outline": [
    "a keeper of a prison, a jailor"
  ],
  "definition": "δεσμοφύλαξ desmophýlax, des-mof-oo'-lax; from G1199 and G5441 ; a jailer (as guarding the prisoners):—jailor, keeper of the prison.",
  "has_outline": true
}