{
  "strongs_number": "G1207",
  "lemma": "δευτερόπρωτος",
  "transliteration": "deuteroprōtos",
  "pronunciation": "dyoo-ter-op'-ro-tos",
  "pos": "adjective",
  "etymology": "",
  "kjv_translation_count": "second after the first (1x).",
  "outline": [
    "second-first",
    "the second of the first Sabbaths after the feast of the Passover"
  ],
  "definition": "δευτερόπρωτος deuteróprōtos, dyoo-ter-op'-ro-tos; from G1208 and G4413 ; second-first, i.e. (specially) a designation of the Sabbath immediately after the Paschal week (being the second after Passover day, and the first of the seven Sabbaths intervening before Pentecost):—second … after the first.",
  "has_outline": true
}