{
  "strongs_number": "G1219",
  "lemma": "δημόσιος",
  "transliteration": "dēmosios",
  "pronunciation": "day-mos'ee-os",
  "pos": "adjective",
  "etymology": "",
  "kjv_translation_count": "common (1x), openly (1x), publicly (2x).",
  "outline": [
    "belonging to the people or state, public",
    "publicly, in public places, in full view of all"
  ],
  "definition": "δημόσιος dēmósios, day-mos'ee-os; from G1218 ; public; (feminine singular dative case as adverb) in public:—common, openly, publickly.",
  "has_outline": true
}