{
  "strongs_number": "G1211",
  "lemma": "δή",
  "transliteration": "dē",
  "pronunciation": "day",
  "pos": "particle",
  "etymology": "",
  "kjv_translation_count": "also (1x), now (1x), and (1x), therefore (1x), doubtless (1x), not translated (1x).",
  "outline": [
    "now, then, verily, in truth, really, surely, certainly",
    "forthwith, at once"
  ],
  "definition": "δή dḗ, day; probably akin to G1161 ; a particle of emphasis or explicitness; now, then, etc.:—also, and, doubtless, now, therefore.",
  "has_outline": true
}