{
  "strongs_number": "G1215",
  "lemma": "δημηγορέω",
  "transliteration": "dēmēgoreō",
  "pronunciation": "day-may-gor-eh'-o",
  "pos": "verb",
  "etymology": "",
  "kjv_translation_count": "make an oration (1x).",
  "outline": [
    "to address a public assembly, make a speech to the people"
  ],
  "definition": "δημηγορέω dēmēgoréō, day-may-gor-eh'-o; from a compound of G1218 and G58 ; to be a people-gatherer, i.e. to address a public assembly:—make an oration.",
  "has_outline": true
}