{
  "strongs_number": "G1217",
  "lemma": "δημιουργός",
  "transliteration": "dēmiourgos",
  "pronunciation": "day-me-oor-gos'",
  "pos": "masculine noun",
  "etymology": "",
  "kjv_translation_count": "maker (1x).",
  "outline": [
    "a workman for the public",
    "the author of any work, an artisan, framer, builder"
  ],
  "definition": "δημιουργός dēmiourgós, day-me-oor-gos'; from G1218 and G2041 ; a worker for the people, i.e. mechanic (spoken of the Creator):—maker.",
  "has_outline": true
}