{
  "strongs_number": "G1213",
  "lemma": "δηλόω",
  "transliteration": "dēloō",
  "pronunciation": "day-lo'-o",
  "pos": "verb",
  "etymology": "",
  "kjv_translation_count": "declare (3x), signify (3x), show (1x).",
  "outline": [
    "to make manifest",
    "to make known by relating, to declare",
    "to give one to understand, to indicate, signify"
  ],
  "definition": "δηλόω dēlóō, day-lo'-o; from G1212 ; to make plain (by words):—declare, shew, signify.",
  "has_outline": true
}