{
  "strongs_number": "G1210",
  "lemma": "δέω",
  "transliteration": "deō",
  "pronunciation": "deh'-o",
  "pos": "verb",
  "etymology": "",
  "kjv_translation_count": "bind (37x), tie (4x), knit (1x), be in bonds (1x), wind (1x).",
  "outline": [
    "to bind tie, fasten to bind, fasten with chains, to throw into chains metaph. Satan is said to bind a woman bent together by means of a demon, as his messenger, taking possession of the woman and preventing her from standing upright to bind, put under obligation, of the law, duty etc. to be bound to one, a wife, a husband to forbid, prohibit, declare to be illicit",
    "to bind, fasten with chains, to throw into chains",
    "metaph. Satan is said to bind a woman bent together by means of a demon, as his messenger, taking possession of the woman and preventing her from standing upright to bind, put under obligation, of the law, duty etc. to be bound to one, a wife, a husband to forbid, prohibit, declare to be illicit",
    "Satan is said to bind a woman bent together by means of a demon, as his messenger, taking possession of the woman and preventing her from standing upright",
    "to bind, put under obligation, of the law, duty etc. to be bound to one, a wife, a husband",
    "to be bound to one, a wife, a husband",
    "to forbid, prohibit, declare to be illicit"
  ],
  "definition": "δέω déō, deh'-o; a primary verb; to bind (in various applications, literally or figuratively):—bind, be in bonds, knit, tie, wind. See also G1163 , G1189 .",
  "has_outline": true
}