{
  "strongs_number": "G1216",
  "lemma": "Δημήτριος",
  "transliteration": "dēmētrios",
  "pronunciation": "day-may'-tree-os",
  "pos": "proper masculine noun",
  "etymology": "",
  "kjv_translation_count": "Demetrius (3x).",
  "outline": [
    "Demetrius = \"belonging to Ceres\" a heathen silversmith at Ephesus a certain Christian, 3Jo 12",
    "a heathen silversmith at Ephesus",
    "a certain Christian, 3Jo 12"
  ],
  "definition": "Δημήτριος Dēmḗtrios, day-may'-tree-os; from Δημήτηρ Dēmḗtēr (Ceres); Demetrius, the name of an Ephesian and of a Christian:—Demetrius.",
  "has_outline": true
}