{
  "strongs_number": "G1214",
  "lemma": "Δημᾶς",
  "transliteration": "dēmas",
  "pronunciation": "day-mas'",
  "pos": "proper masculine noun",
  "etymology": "",
  "kjv_translation_count": "Demas (3x).",
  "outline": [
    "Demas = \"governor of the people\" a companion of Paul, who deserted the apostle when he was a prisoner at Rome and returned to Thessalonica",
    "a companion of Paul, who deserted the apostle when he was a prisoner at Rome and returned to Thessalonica"
  ],
  "definition": "Δημᾶς Dēmâs, day-mas'; probably for G1216 ; Demas, a Christian:—Demas.",
  "has_outline": true
}