{
  "strongs_number": "G1223",
  "lemma": "διά",
  "transliteration": "dia",
  "pronunciation": "dee-ah'",
  "pos": "preposition",
  "etymology": "",
  "kjv_translation_count": "by (241x), through (88x), with (16x), for (58x), for ... sake (47x), therefore (with G 5124) (44x), for this cause (with G 5124) (14x), because (52x), miscellaneous (86x).",
  "outline": [
    "through of place with in of time throughout during of means by by the means of",
    "of place with in",
    "with",
    "in",
    "of time throughout during",
    "throughout",
    "during",
    "of means by by the means of",
    "by",
    "by the means of",
    "through the ground or reason by which something is or is not done by reason of on account of because of for this reason therefore on this account",
    "the ground or reason by which something is or is not done by reason of on account of because of for this reason therefore on this account",
    "by reason of",
    "on account of",
    "because of for this reason",
    "therefore",
    "on this account"
  ],
  "definition": "διά diá, dee-ah'; a primary preposition denoting the channel of an act; through (in very wide applications, local, causal, or occasional):—after, always, among, at, to avoid, because of (that), briefly, by, for (cause) … fore, from, in, by occasion of, of, by reason of, for sake, that, thereby, therefore, × though, through(-out), to, wherefore, with (-in).",
  "has_outline": true
}