{
  "strongs_number": "G1229",
  "lemma": "διαγγέλλω",
  "transliteration": "diangellō",
  "pronunciation": "de-ang-gel'-lo",
  "pos": "verb",
  "etymology": "",
  "kjv_translation_count": "preach (1x), signify (1x), declare (1x).",
  "outline": [
    "to carry a message through, announce everywhere, through places, through assemblies of men etc.",
    "to publish abroad, declare"
  ],
  "definition": "διαγγέλλω diangéllō, de-ang-gel'-lo; from G1223 and the base of G32 ; to herald thoroughly:—declare, preach, signify.",
  "has_outline": true
}