{
  "strongs_number": "G1221",
  "lemma": "δήποτε",
  "transliteration": "dēpote",
  "pronunciation": "day'-pot-eh",
  "pos": "adverb",
  "etymology": "",
  "kjv_translation_count": "whatsoever (with G 3769) (1x).",
  "outline": [
    "now at length",
    "at any time",
    "at last",
    "just exactly"
  ],
  "definition": "δήποτε dḗpote, day'-pot-eh; from G1211 and G4218 ; a particle of generalization; indeed, at any time:—(what-)soever.",
  "has_outline": true
}