{
  "strongs_number": "G1220",
  "lemma": "δηνάριον",
  "transliteration": "dēnarion",
  "pronunciation": "day-nar'-ee-on",
  "pos": "neuter noun",
  "etymology": "",
  "kjv_translation_count": "penny (9x), pence (5x), pennyworth (2x).",
  "outline": [
    "denarius = \"containing ten\" A Roman silver coin in NT time. It took its name from it being equal to ten \"asses\", a number after 217 B.C. increased to sixteen (about 3.898 grams or.1375 oz.). It was the principal silver coin of the Roman empire. From the parable of the labourers in the vineyard, it would seem that a denarius was then the ordinary pay for a day's wages. ( Mt. 20:: 2-13 )",
    "A Roman silver coin in NT time. It took its name from it being equal to ten \"asses\", a number after 217 B.C. increased to sixteen (about 3.898 grams or.1375 oz.). It was the principal silver coin of the Roman empire. From the parable of the labourers in the vineyard, it would seem that a denarius was then the ordinary pay for a day's wages. ( Mt. 20:: 2-13 )"
  ],
  "definition": "δηνάριον dēnárion, day-nar'-ee-on; of Latin origin; a denarius (or ten asses):—pence, penny(-worth).",
  "has_outline": true
}