{
  "strongs_number": "G1222",
  "lemma": "δήπου",
  "transliteration": "dēpou",
  "pronunciation": "day'-poo",
  "pos": "adverb",
  "etymology": "",
  "kjv_translation_count": "verily (1x).",
  "outline": [
    "it is used when something is affirmed in a slightly ironical manner, as if with an pretence of uncertainty perhaps doubtless verily truly",
    "perhaps",
    "doubtless",
    "verily",
    "truly"
  ],
  "definition": "δήπου dḗpou, day'-poo; from G1211 and G4225 ; a particle of asseveration; indeed doubtless:—verily.",
  "has_outline": true
}