{
  "strongs_number": "G1228",
  "lemma": "διάβολος",
  "transliteration": "diabolos",
  "pronunciation": "dee-ab'-ol-os",
  "pos": "adjective",
  "etymology": "",
  "kjv_translation_count": "devil (35x), false accuser (2x), slanderer (1x).",
  "outline": [
    "prone to slander, slanderous, accusing falsely a calumniator, false accuser, slanderer,",
    "a calumniator, false accuser, slanderer,",
    "metaph. applied to a man who, by opposing the cause of God, may be said to act the part of the devil or to side with him"
  ],
  "definition": "διάβολος diábolos, dee-ab'-ol-os; from G1225 ; a traducer; specially, Satan (compare H7854 ):—false accuser, devil, slanderer.",
  "has_outline": true
}