{
  "strongs_number": "G1227",
  "lemma": "διαβλέπω",
  "transliteration": "diablepō",
  "pronunciation": "dee-ab-lep'-o",
  "pos": "verb",
  "etymology": "",
  "kjv_translation_count": "see clearly (2x).",
  "outline": [
    "to look through, penetrate by vision to look fixedly, stare straight before one to see clearly",
    "to look fixedly, stare straight before one",
    "to see clearly"
  ],
  "definition": "διαβλέπω diablépō, dee-ab-lep'-o; from G1223 and G991 ; to look through, i.e. recover full vision:—see clearly.",
  "has_outline": true
}