{
  "strongs_number": "G1226",
  "lemma": "διαβεβαιόομαι",
  "transliteration": "diabebaioomai",
  "pronunciation": "dee-ab-eb-ahee-o'-om-ahee",
  "pos": "verb",
  "etymology": "",
  "kjv_translation_count": "affirm (1x), affirm constantly (1x).",
  "outline": [
    "to affirm strongly, assert confidently"
  ],
  "definition": "διαβεβαιόομαι diabebaióomai, dee-ab-eb-ahee-o'-om-ahee; middle voice of a compound of G1223 and G950 ; to confirm thoroughly (by words), i.e. asseverate:—affirm constantly.",
  "has_outline": true
}