{
  "strongs_number": "G1239",
  "lemma": "διαδίδωμι",
  "transliteration": "diadidōmi",
  "pronunciation": "dee-ad-id'-o-mee",
  "pos": "verb",
  "etymology": "",
  "kjv_translation_count": "distribute (2x), make distribution (1x), divide (1x), give (1x).",
  "outline": [
    "to distribute, divide among several",
    "to give over, deliver"
  ],
  "definition": "διαδίδωμι diadídōmi, dee-ad-id'-o-mee; from G1223 and G1325 ; to give throughout a crowd, i.e. deal out; also to deliver over (as to a successor):—(make) distribute(-ion), divide, give.",
  "has_outline": true
}