{
  "strongs_number": "G1234",
  "lemma": "διαγογγύζω",
  "transliteration": "diagongyzō",
  "pronunciation": "dee-ag-ong-good'-zo",
  "pos": "verb",
  "etymology": "",
  "kjv_translation_count": "murmur (2x).",
  "outline": [
    "to murmur either of a whole crowd, or among one another always used of many indignantly complaining",
    "either of a whole crowd, or among one another",
    "always used of many indignantly complaining"
  ],
  "definition": "διαγογγύζω diagongýzō, dee-ag-ong-good'-zo; from G1223 and G1111 ; to complain throughout a crowd:—murmur.",
  "has_outline": true
}