{
  "strongs_number": "G1231",
  "lemma": "διαγινώσκω",
  "transliteration": "diaginōskō",
  "pronunciation": "dee-ag-in-o'-sko",
  "pos": "verb",
  "etymology": "",
  "kjv_translation_count": "enquire (1x), know the uttermost (1x).",
  "outline": [
    "to distinguish, i.e. to know accurately, ascertain exactly",
    "in a legal sense, to examine, determine, decide"
  ],
  "definition": "διαγινώσκω diaginṓskō, dee-ag-in-o'-sko; from G1223 and G1097 ; to know thoroughly, i.e. ascertain exactly:—(would) enquire, know the uttermost.",
  "has_outline": true
}