{
  "strongs_number": "G1237",
  "lemma": "διαδέχομαι",
  "transliteration": "diadechomai",
  "pronunciation": "dee-ad-ekh'-om-ahee",
  "pos": "verb",
  "etymology": "",
  "kjv_translation_count": "come after (1x).",
  "outline": [
    "to receive through another, anything left or bequeathed by him, to receive in succession, receive in turn, succeed to"
  ],
  "definition": "διαδέχομαι diadéchomai, dee-ad-ekh'-om-ahee; from G1223 and G1209 ; to receive in turn, i.e. (figuratively) succeed to:—come after.",
  "has_outline": true
}