{
  "strongs_number": "G1238",
  "lemma": "διάδημα",
  "transliteration": "diadēma",
  "pronunciation": "dee-ad'-ay-mah",
  "pos": "neuter noun",
  "etymology": "",
  "kjv_translation_count": "crown (3x).",
  "outline": [
    "a diadem a blue band marked with white which Persian kings used to bind on the turban or tiara the kingly ornament for the head, the crown",
    "a blue band marked with white which Persian kings used to bind on the turban or tiara",
    "the kingly ornament for the head, the crown"
  ],
  "definition": "διάδημα diádēma, dee-ad'-ay-mah; from a compound of G1223 and G1210 ; a \"diadem\" (as bound about the head):—crown. Compare G4735 .",
  "has_outline": true
}