{
  "strongs_number": "G1230",
  "lemma": "διαγίνομαι",
  "transliteration": "diaginomai",
  "pronunciation": "dee-ag-in'-om-ahee",
  "pos": "verb",
  "etymology": "",
  "kjv_translation_count": "be past (1x), after (1x), be spent (1x).",
  "outline": [
    "to be through, continue",
    "to be between, intervene, used of time, to have intervened, elapsed, passed meanwhile"
  ],
  "definition": "διαγίνομαι diagínomai, dee-ag-in'-om-ahee; from G1223 and G1096 ; to elapse meanwhile:—X after, be past, be spent.",
  "has_outline": true
}