{
  "strongs_number": "G123",
  "lemma": "αἰγιαλός",
  "transliteration": "aigialos",
  "pronunciation": "ahee-ghee-al-os'",
  "pos": "masculine noun",
  "etymology": "",
  "kjv_translation_count": "shore (6x).",
  "outline": [
    "the shore of the sea, the beach"
  ],
  "definition": "αἰγιαλός aigialós, ahee-ghee-al-os'; from ἀΐσσω aḯssō (to rush) and G251 (in the sense of the sea; a beach (on which the waves dash):—shore.",
  "has_outline": true
}