{
  "strongs_number": "G1246",
  "lemma": "διακατελέγχομαι",
  "transliteration": "diakatelegchomai",
  "pronunciation": "dee-ak-at-el-eng'-khom-ahee",
  "pos": "verb",
  "etymology": "",
  "kjv_translation_count": "convince (1x).",
  "outline": [
    "to confute with rivalry and effort or in a contest"
  ],
  "definition": "διακατελέγχομαι diakatelénchomai, dee-ak-at-el-eng'-khom-ahee; middle voice from G1223 and a compound of G2596 and G1651 ; to prove downright, i.e. confute:—convince.",
  "has_outline": true
}