{
  "strongs_number": "G1242",
  "lemma": "διαθήκη",
  "transliteration": "diathēkē",
  "pronunciation": "dee-ath-ay'-kay",
  "pos": "feminine noun",
  "etymology": "",
  "kjv_translation_count": "covenant (20x), testament (13x).",
  "outline": [
    "a disposition, arrangement, of any sort, which one wishes to be valid, the last disposition which one makes of his earthly possessions after his death, a testament or will",
    "a compact, a covenant, a testament God's covenant with Noah, etc.",
    "God's covenant with Noah, etc."
  ],
  "definition": "διαθήκη diathḗkē, dee-ath-ay'-kay; from G1303 ; properly, a disposition, i.e. (specially) a contract (especially a devisory will):—covenant, testament.",
  "has_outline": true
}