{
  "strongs_number": "G1247",
  "lemma": "διακονέω",
  "transliteration": "diakoneō",
  "pronunciation": "dee-ak-on-eh'-o",
  "pos": "verb",
  "etymology": "",
  "kjv_translation_count": "minister unto (15x), serve (10x), minister (7x), miscellaneous (5x).",
  "outline": [
    "to be a servant, attendant, domestic, to serve, wait upon to minister to one, render ministering offices to to be served, ministered unto to wait at a table and offer food and drink to the guests, of women preparing food to minister i.e. supply food and necessities of life to relieve one's necessities (e.g. by collecting alms), to provide take care of, distribute, the things necessary to sustain life to take care of the poor and the sick, who administer the office of a deacon in Christian churches to serve as deacons to minister to attend to anything, that may serve another's interests to minister a thing to one, to serve one or by supplying any thing",
    "to minister to one, render ministering offices to to be served, ministered unto",
    "to be served, ministered unto",
    "to wait at a table and offer food and drink to the guests, of women preparing food",
    "of women preparing food",
    "to minister i.e. supply food and necessities of life to relieve one's necessities (e.g. by collecting alms), to provide take care of, distribute, the things necessary to sustain life to take care of the poor and the sick, who administer the office of a deacon in Christian churches to serve as deacons",
    "to relieve one's necessities (e.g. by collecting alms), to provide take care of, distribute, the things necessary to sustain life",
    "to take care of the poor and the sick, who administer the office of a deacon",
    "in Christian churches to serve as deacons",
    "to minister to attend to anything, that may serve another's interests to minister a thing to one, to serve one or by supplying any thing",
    "to attend to anything, that may serve another's interests",
    "to minister a thing to one, to serve one or by supplying any thing"
  ],
  "definition": "διακονέω diakonéō, dee-ak-on-eh'-o; from G1249 ; to be an attendant, i.e. wait upon (menially or as a host, friend, or (figuratively) teacher); technically, to act as a Christian deacon:—(ad-)minister (unto), serve, use the office of a deacon.",
  "has_outline": true
}