{
  "strongs_number": "G1243",
  "lemma": "διαίρεσις",
  "transliteration": "diairesis",
  "pronunciation": "dee-ah'-ee-res-is",
  "pos": "feminine noun",
  "etymology": "",
  "kjv_translation_count": "diversity (2x), difference (1x).",
  "outline": [
    "division, distribution",
    "distinction, difference in particular, a distinction arising from a different distribution to different persons",
    "in particular, a distinction arising from a different distribution to different persons"
  ],
  "definition": "διαίρεσις diaíresis, dee-ah'-ee-res-is; from G1244 ; a distinction or (concretely) variety:—difference, diversity.",
  "has_outline": true
}