{
  "strongs_number": "G1248",
  "lemma": "διακονία",
  "transliteration": "diakonia",
  "pronunciation": "dee-ak-on-ee'-ah",
  "pos": "feminine noun",
  "etymology": "",
  "kjv_translation_count": "ministry (16x), ministration (6x), ministering (3x), miscellaneous (9x).",
  "outline": [
    "service, ministering, esp. of those who execute the commands of others",
    "of those who by the command of God proclaim and promote religion among men of the office of Moses of the office of the apostles and its administration of the office of prophets, evangelists, elders etc.",
    "of the office of Moses",
    "of the office of the apostles and its administration",
    "of the office of prophets, evangelists, elders etc.",
    "the ministration of those who render to others the offices of Christian affection esp. those who help meet need by either collecting or distributing of charities",
    "the office of the deacon in the church",
    "the service of those who prepare and present food"
  ],
  "definition": "διακονία diakonía, dee-ak-on-ee'-ah; from G1249 ; attendance (as a servant, etc.); figuratively (eleemosynary) aid, (official) service (especially of the Christian teacher, or technically of the diaconate):—(ad-)minister(-ing, -tration, -try), office, relief, service(-ing).",
  "has_outline": true
}