{
  "strongs_number": "G1241",
  "lemma": "διαζώννυμι",
  "transliteration": "diazōnnymi",
  "pronunciation": "dee-az-own'-noo-mee",
  "pos": "verb",
  "etymology": "",
  "kjv_translation_count": "gird (3x).",
  "outline": [
    "to bind or gird all around",
    "to gird one's self with a thing, gird a thing around one's self"
  ],
  "definition": "διαζώννυμι diazṓnnymi, dee-az-own'-noo-mee; from G1223 and G2224 ; to gird tightly:—gird.",
  "has_outline": true
}