{
  "strongs_number": "G1249",
  "lemma": "διάκονος",
  "transliteration": "diakonos",
  "pronunciation": "dee-ak'-on-os",
  "pos": "masculine/feminine noun",
  "etymology": "",
  "kjv_translation_count": "minister (20x), servant (8x), deacon (3x).",
  "outline": [
    "one who executes the commands of another, esp. of a master, a servant, attendant, minister the servant of a king a deacon, one who, by virtue of the office assigned to him by the church, cares for the poor and has charge of and distributes the money collected for their use a waiter, one who serves food and drink",
    "the servant of a king",
    "a deacon, one who, by virtue of the office assigned to him by the church, cares for the poor and has charge of and distributes the money collected for their use",
    "a waiter, one who serves food and drink"
  ],
  "definition": "διάκονος diákonos, dee-ak'-on-os; probably from an obsolete διάκω diákō (to run on errands; compare G1377 ); an attendant, i.e. (genitive case) a waiter (at table or in other menial duties); specially, a Christian teacher and pastor (technically, a deacon or deaconess):—deacon, minister, servant.",
  "has_outline": true
}