{
  "strongs_number": "G1256",
  "lemma": "διαλέγομαι",
  "transliteration": "dialegomai",
  "pronunciation": "dee-al-eg'-om-ahee",
  "pos": "verb",
  "etymology": "",
  "kjv_translation_count": "dispute (6x), reason with (2x), reason (2x), preach unto (1x), preach (1x), speak (1x).",
  "outline": [
    "to think different things with one's self, mingle thought with thought to ponder, revolve in mind",
    "to ponder, revolve in mind",
    "to converse, discourse with one, argue, discuss"
  ],
  "definition": "διαλέγομαι dialégomai, dee-al-eg'-om-ahee; middle voice from G1223 and G3004 ; to say thoroughly, i.e. discuss (in argument or exhortation):—dispute, preach (unto), reason (with), speak.",
  "has_outline": true
}