{
  "strongs_number": "G1258",
  "lemma": "διάλεκτος",
  "transliteration": "dialektos",
  "pronunciation": "dee-al'-ek-tos",
  "pos": "feminine noun",
  "etymology": "",
  "kjv_translation_count": "tongue (5x), language (1x).",
  "outline": [
    "conversation, speech, discourse, language",
    "the tongue or language peculiar to any people"
  ],
  "definition": "διάλεκτος diálektos, dee-al'-ek-tos; from G1256 ; a (mode of) discourse, i.e. \"dialect\":—language, tongue.",
  "has_outline": true
}