{
  "strongs_number": "G1251",
  "lemma": "διακούω",
  "transliteration": "diakouō",
  "pronunciation": "dee-ak-oo'-om-ahee",
  "pos": "verb",
  "etymology": "",
  "kjv_translation_count": "hear (1x).",
  "outline": [
    "to hear one through, hear to the end, hear with care, hear fully"
  ],
  "definition": "† διακούομαι diakoúomai, dee-ak-oo'-om-ahee; middle voice from G1223 and G191 ; to hear throughout, i.e. patiently listen (to a prisoner's plea):—hear.",
  "has_outline": true
}