{
  "strongs_number": "G1255",
  "lemma": "διαλαλέω",
  "transliteration": "dialaleō",
  "pronunciation": "dee-al-al-eh'-o",
  "pos": "verb",
  "etymology": "",
  "kjv_translation_count": "noise abroad (1x), commune (1x).",
  "outline": [
    "to converse together, to talk with"
  ],
  "definition": "διαλαλέω dialaléō, dee-al-al-eh'-o; from G1223 and G2980 ; to talk throughout a company, i.e. converse or (genitive case) publish:—commune, noise abroad.",
  "has_outline": true
}