{
  "strongs_number": "G1259",
  "lemma": "διαλλάσσω",
  "transliteration": "diallassō",
  "pronunciation": "dee-al-las'-so",
  "pos": "verb",
  "etymology": "",
  "kjv_translation_count": "reconcile (1x).",
  "outline": [
    "to change",
    "to change the mind of anyone, to reconcile",
    "to be reconciled, to renew friendship with one"
  ],
  "definition": "διαλλάσσω diallássō, dee-al-las'-so; from G1223 and G236 ; to change thoroughly, i.e. (mentally) to conciliate:—reconcile.",
  "has_outline": true
}