{
  "strongs_number": "G125",
  "lemma": "Αἴγυπτος",
  "transliteration": "aigyptos",
  "pronunciation": "ah'-ee-goop-tos",
  "pos": "proper locative noun",
  "etymology": "",
  "kjv_translation_count": "Egypt (24x).",
  "outline": [
    "Egypt = \"double straits\" a country occupying the northeast angle of Africa metaph. Jerusalem, for the Jews persecuting the Christ and his followers, and so to be likened to the Egyptians treating the Jews",
    "a country occupying the northeast angle of Africa",
    "metaph. Jerusalem, for the Jews persecuting the Christ and his followers, and so to be likened to the Egyptians treating the Jews"
  ],
  "definition": "Αἴγυπτος Aígyptos, ah'-ee-goop-tos; of uncertain derivation; Ægyptus, the land of the Nile:—Egypt.",
  "has_outline": true
}