{
  "strongs_number": "G1269",
  "lemma": "διανεύω",
  "transliteration": "dianeuō",
  "pronunciation": "dee-an-yoo'-o",
  "pos": "verb",
  "etymology": "",
  "kjv_translation_count": "beckoned (with G 2258) (1x).",
  "outline": [
    "to express one's meaning by a sign, nod to, beckon to, wink at"
  ],
  "definition": "διανεύω dianeúō, dee-an-yoo'-o; from G1223 and G3506 ; to nod (or express by signs) across an intervening space:—beckon.",
  "has_outline": true
}