{
  "strongs_number": "G1261",
  "lemma": "διαλογισμός",
  "transliteration": "dialogismos",
  "pronunciation": "dee-al-og-is-mos'",
  "pos": "masculine noun",
  "etymology": "",
  "kjv_translation_count": "thought (9x), reasoning (1x), imagination (1x), doubtful (1x), disputing (1x), doubting (1x).",
  "outline": [
    "the thinking of a man deliberating with himself a thought, inward reasoning purpose, design",
    "a thought, inward reasoning",
    "purpose, design",
    "a deliberating, questioning about what is true hesitation, doubting disputing, arguing",
    "hesitation, doubting",
    "disputing, arguing"
  ],
  "definition": "διαλογισμός dialogismós, dee-al-og-is-mos'; from G1260 ; discussion, i.e. (internal) consideration (by implication, purpose), or (external) debate:—dispute, doubtful(-ing), imagination, reasoning, thought.",
  "has_outline": true
}