{
  "strongs_number": "G1266",
  "lemma": "διαμερίζω",
  "transliteration": "diamerizō",
  "pronunciation": "dee-am-er-id'-zo",
  "pos": "verb",
  "etymology": "",
  "kjv_translation_count": "part (6x), divide (5x), cloven (1x).",
  "outline": [
    "to cleave asunder, cut in pieces",
    "to be divided into opposing parts, to be at variance, in dissension",
    "to distribute"
  ],
  "definition": "διαμερίζω diamerízō, dee-am-er-id'-zo; from G1223 and G3307 ; to partition thoroughly (literally in distribution, figuratively in dissension):—cloven, divide, part.",
  "has_outline": true
}