{
  "strongs_number": "G1263",
  "lemma": "διαμαρτύρομαι",
  "transliteration": "diamartyromai",
  "pronunciation": "dee-am-ar-too'-rom-ahee",
  "pos": "verb",
  "etymology": "",
  "kjv_translation_count": "testify (11x), charge (3x), witness (1x).",
  "outline": [
    "to testify earnestly, religiously to charge",
    "earnestly, religiously to charge",
    "to attest, testify to, solemnly affirm to give solemn testimony to one to confirm a thing by testimony, to testify, cause it to be believed",
    "to give solemn testimony to one",
    "to confirm a thing by testimony, to testify, cause it to be believed"
  ],
  "definition": "διαμαρτύρομαι diamartýromai, dee-am-ar-too'-rom-ahee; from G1223 and G3140 ; to attest or protest earnestly, or (by implication) hortatively:—charge, testify (unto), witness.",
  "has_outline": true
}