{
  "strongs_number": "G1260",
  "lemma": "διαλογίζομαι",
  "transliteration": "dialogizomai",
  "pronunciation": "dee-al-og-id'-zom-ahee",
  "pos": "verb",
  "etymology": "",
  "kjv_translation_count": "reason (11x), dispute (1x), cast in the mind (1x), muse (1x), think (1x), consider (1x).",
  "outline": [
    "to bring together different reasons, to reckon up the reasons, to reason, revolve in one's mind, deliberate"
  ],
  "definition": "διαλογίζομαι dialogízomai, dee-al-og-id'-zom-ahee; from G1223 and G3049 ; to reckon thoroughly, i.e. (genitive case) to deliberate (by reflection or discussion):—cast in mind, consider, dispute, muse, reason, think.",
  "has_outline": true
}