{
  "strongs_number": "G1276",
  "lemma": "διαπεράω",
  "transliteration": "diaperaō",
  "pronunciation": "dee-ap-er-ah'-o",
  "pos": "verb",
  "etymology": "",
  "kjv_translation_count": "pass over (3x), go over (1x), pass (1x), sail over (1x).",
  "outline": [
    "to pass over, cross over, i.e. a river, a lake"
  ],
  "definition": "διαπεράω diaperáō, dee-ap-er-ah'-o; from G1223 and a derivative of the base of G4008 ; to cross entirely:—go over, pass (over), sail over.",
  "has_outline": true
}