{
  "strongs_number": "G1278",
  "lemma": "διαπονέομαι",
  "transliteration": "diaponeomai",
  "pronunciation": "dee-ap-on-eh'-o",
  "pos": "verb",
  "etymology": "",
  "kjv_translation_count": "grieve (2x).",
  "outline": [
    "to work out laboriously, make complete by labour to exert one's self, strive to manage with pains, accomplish with great labour to be troubled, displeased, offended, pained, to be worked up",
    "to exert one's self, strive",
    "to manage with pains, accomplish with great labour",
    "to be troubled, displeased, offended, pained, to be worked up"
  ],
  "definition": "† διαπονέω diaponéō, dee-ap-on-eh'-o; from G1223 and a derivative of G4192 ; to toil through, i.e. (passively) be worried:—be grieved.",
  "has_outline": true
}