{
  "strongs_number": "G1273",
  "lemma": "διανυκτερεύω",
  "transliteration": "dianyktereuō",
  "pronunciation": "dee-an-ook-ter-yoo'-o",
  "pos": "verb",
  "etymology": "",
  "kjv_translation_count": "continued all night (with G 2258) (1x).",
  "outline": [
    "to spend the night, to pass the whole night"
  ],
  "definition": "διανυκτερεύω dianyktereúō, dee-an-ook-ter-yoo'-o; from G1223 and a derivative of G3571 ; to sit up the whole night:—continue all night.",
  "has_outline": true
}