{
  "strongs_number": "G1272",
  "lemma": "διανοίγω",
  "transliteration": "dianoigō",
  "pronunciation": "dee-an-oy'-go",
  "pos": "verb",
  "etymology": "",
  "kjv_translation_count": "open (8x).",
  "outline": [
    "to open by dividing or drawing asunder, to open thoroughly (what had been closed) a male opening the womb (the closed matrix), i.e. the first-born of the eyes and the ears to open the mind of one, i.e. to cause to understand a thing to open one's soul, i.e. to rouse in one the faculty of understanding or the desire of learning",
    "a male opening the womb (the closed matrix), i.e. the first-born",
    "of the eyes and the ears",
    "to open the mind of one, i.e. to cause to understand a thing to open one's soul, i.e. to rouse in one the faculty of understanding or the desire of learning",
    "to open one's soul, i.e. to rouse in one the faculty of understanding or the desire of learning"
  ],
  "definition": "διανοίγω dianoígō, dee-an-oy'-go; from G1223 and G455 ; to open thoroughly, literally (as a first-born) or figuratively (to expound):—open.",
  "has_outline": true
}