{
  "strongs_number": "G1275",
  "lemma": "διαπαντός",
  "transliteration": "diapantos",
  "pronunciation": "dee-ap-an-tos'",
  "pos": "adverb",
  "etymology": "",
  "kjv_translation_count": "always (5x), continually (2x).",
  "outline": [
    "constantly, always, continually"
  ],
  "definition": "διαπαντός diapantós, dee-ap-an-tos'; from G1223 and the genitive case of G3956 ; through all time, i.e. (adverbially) constantly:—alway(-s), continually.",
  "has_outline": true
}