{
  "strongs_number": "G1279",
  "lemma": "διαπορεύομαι",
  "transliteration": "diaporeuomai",
  "pronunciation": "dee-ap-or-yoo'-om-ahee",
  "pos": "verb",
  "etymology": "",
  "kjv_translation_count": "go through (3x), pass by (1x), in (one's) journey (1x).",
  "outline": [
    "to cause to pass through a place",
    "to carry across",
    "to journey through a place, go through",
    "to travel through"
  ],
  "definition": "διαπορεύομαι diaporeúomai, dee-ap-or-yoo'-om-ahee; from G1223 and G4198 ; to travel through:—go through, journey in, pass by.",
  "has_outline": true
}