{
  "strongs_number": "G1271",
  "lemma": "διάνοια",
  "transliteration": "dianoia",
  "pronunciation": "dee-an'-oy-ah",
  "pos": "feminine noun",
  "etymology": "",
  "kjv_translation_count": "mind (9x), understanding (3x), imagination (1x).",
  "outline": [
    "the mind as a faculty of understanding, feeling, desiring",
    "understanding",
    "mind, i.e. spirit, way of thinking and feeling",
    "thoughts, either good or bad"
  ],
  "definition": "διάνοια diánoia, dee-an'-oy-ah; from G1223 and G3563 ; deep thought, properly, the faculty (mind or its disposition), by implication, its exercise:—imagination, mind, understanding.",
  "has_outline": true
}