{
  "strongs_number": "G127",
  "lemma": "αἰδώς",
  "transliteration": "aidōs",
  "pronunciation": "ahee-doce'",
  "pos": "feminine noun",
  "etymology": "",
  "kjv_translation_count": "shamefacedness (1x), reverence (1x).",
  "outline": [
    "a sense of shame or honour, modesty, bashfulness, reverence, regard for others, respect"
  ],
  "definition": "† αἰδώς aidṓs, ahee-doce'; perhaps from G1 (as a negative particle) and G1492 (through the idea of downcast eyes); bashfulness, i.e. (towards men), modesty or (towards God) awe:—reverence, shamefacedness.",
  "has_outline": true
}