{
  "strongs_number": "G1282",
  "lemma": "διαπρίω",
  "transliteration": "diapriō",
  "pronunciation": "dee-ap-ree'-o",
  "pos": "verb",
  "etymology": "",
  "kjv_translation_count": "be cut to the heart (1x), be cut (1x).",
  "outline": [
    "to saw asunder or in two, to divide by a saw",
    "to be sawn through mentally, i.e. to be rent with vexation"
  ],
  "definition": "διαπρίω diapríō, dee-ap-ree'-o; from G1223 and the base of G4249 ; to saw asunder, i.e. (figuratively) to exasperate:—cut (to the heart).",
  "has_outline": true
}