{
  "strongs_number": "G1281",
  "lemma": "διαπραγματεύομαι",
  "transliteration": "diapragmateuomai",
  "pronunciation": "dee-ap-rag-mat-yoo'-om-ahee",
  "pos": "verb",
  "etymology": "",
  "kjv_translation_count": "gain by trading (1x).",
  "outline": [
    "thoroughly, earnestly to undertake a business",
    "to undertake a business for sake of gain"
  ],
  "definition": "διαπραγματεύομαι diapragmateúomai, dee-ap-rag-mat-yoo'-om-ahee; from G1223 and G4231 ; to thoroughly occupy oneself, i.e. (transitively and by implication) to earn in business:—gain by trading.",
  "has_outline": true
}