{
  "strongs_number": "G1288",
  "lemma": "διασπάω",
  "transliteration": "diaspaō",
  "pronunciation": "dee-as-pah'-o",
  "pos": "verb",
  "etymology": "",
  "kjv_translation_count": "pluck asunder (1x), pull in pieces (1x).",
  "outline": [
    "to rend asunder, break asunder of a man, to tear in pieces",
    "of a man, to tear in pieces"
  ],
  "definition": "διασπάω diaspáō, dee-as-pah'-o; from G1223 and G4685 ; to draw apart, i.e. sever or dismember:—pluck asunder, pull in pieces.",
  "has_outline": true
}