{
  "strongs_number": "G1287",
  "lemma": "διασκορπίζω",
  "transliteration": "diaskorpizō",
  "pronunciation": "dee-as-kor-pid'-zo",
  "pos": "verb",
  "etymology": "",
  "kjv_translation_count": "straw (2x), scatter abroad (2x), scatter (2x), waste (2x), disperse (1x).",
  "outline": [
    "to scatter abroad, disperse, to winnow to throw the grain a considerable distance, or up into the air, that it may be separated from the chaff to gather the wheat, freed from the chaff into the granary to winnow grain",
    "to throw the grain a considerable distance, or up into the air, that it may be separated from the chaff",
    "to gather the wheat, freed from the chaff into the granary",
    "to winnow grain"
  ],
  "definition": "διασκορπίζω diaskorpízō, dee-as-kor-pid'-zo; from G1223 and G4650 ; to dissipate, i.e. (genitive case) to rout or separate; specially, to winnow; figuratively, to squander:—disperse, scatter (abroad), strew, waste.",
  "has_outline": true
}