{
  "strongs_number": "G1285",
  "lemma": "διασαφέω",
  "transliteration": "diasapheō",
  "pronunciation": "dee-as-af-eh'-o",
  "pos": "verb",
  "etymology": "",
  "kjv_translation_count": "tell unto (1x).",
  "outline": [
    "to make clear or plain, to explain, unfold, declare",
    "of things done, to declare i.e. to tell, announce, narrate"
  ],
  "definition": "διασαφέω diasaphéō, dee-as-af-eh'-o; from G1223 and σαφής saphḗs (clear); to clear thoroughly, i.e. (figuratively) declare:—tell unto.",
  "has_outline": true
}