{
  "strongs_number": "G1286",
  "lemma": "διασείω",
  "transliteration": "diaseiō",
  "pronunciation": "dee-as-i'-o",
  "pos": "verb",
  "etymology": "",
  "kjv_translation_count": "do violence to (1x).",
  "outline": [
    "to shake thoroughly",
    "to make to tremble",
    "to terrify",
    "to agitate",
    "to extort from one by intimidation money or other property"
  ],
  "definition": "διασείω diaseíō, dee-as-i'-o; from G1223 and G4579 ; to shake thoroughly, i.e. (figuratively) to intimidate:—do violence to.",
  "has_outline": true
}