{
  "strongs_number": "G1284",
  "lemma": "διαρρήσσω",
  "transliteration": "diarrēssō",
  "pronunciation": "dee-ar-hrayce'-so",
  "pos": "verb",
  "etymology": "",
  "kjv_translation_count": "rend (3x), break (2x).",
  "outline": [
    "to break asunder, burst through, rend asunder",
    "to rend, which was done by the Jews to their clothes in cases of extreme indignation or in deep grief"
  ],
  "definition": "† διαῤῥήσσω diarrhḗssō, dee-ar-hrayce'-so; from G1223 and G4486 ; to tear asunder:—break, rend.",
  "has_outline": true
}