{
  "strongs_number": "G1280",
  "lemma": "διαπορέω",
  "transliteration": "diaporeō",
  "pronunciation": "dee-ap-or-eh'-o",
  "pos": "verb",
  "etymology": "",
  "kjv_translation_count": "doubt (2x), be perplexed (1x), be much perplexed (1x), be in doubt (1x).",
  "outline": [
    "to be entirely at loss, to be in perplexity"
  ],
  "definition": "διαπορέω diaporéō, dee-ap-or-eh'-o; from G1223 and G639 ; to be thoroughly nonplussed:—(be in) doubt, be (much) perplexed.",
  "has_outline": true
}