{
  "strongs_number": "G128",
  "lemma": "Αἰθίοψ",
  "transliteration": "aithiops",
  "pronunciation": "ahee-thee'-ops",
  "pos": "masculine noun",
  "etymology": "",
  "kjv_translation_count": "Ethiopian (2x).",
  "outline": [
    "Ethiopian = \"black\" an Ethiopian",
    "an Ethiopian"
  ],
  "definition": "Αἰθίοψ Aithíops, ahee-thee'-ops; from αἴθω aíthō (to scorch) and ὤψ ṓps (the face, from G3700 ); an Æthiopian (as a blackamoor):—Ethiopian.",
  "has_outline": true
}