{
  "strongs_number": "G1295",
  "lemma": "διασῴζω",
  "transliteration": "diasōzō",
  "pronunciation": "dee-as-odze'-o",
  "pos": "verb",
  "etymology": "",
  "kjv_translation_count": "escape (2x), save (2x), make perfectly whole (1x), escape safe (1x), bring safe (1x), heal (1x).",
  "outline": [
    "to preserve through danger, to bring safely through to save, i.e. cure one who is sick, bring him through",
    "to save, i.e. cure one who is sick, bring him through",
    "to save, keep from perishing",
    "to save out of danger, rescue"
  ],
  "definition": "† διασώζω diasṓzō, dee-as-odze'-o; from G1223 and G4982 ; to save thoroughly, i.e. (by implication or analogy) to cure, preserve, rescue, etc.:—bring safe, escape (safe), heal, make perfectly whole, save.",
  "has_outline": true
}