{
  "strongs_number": "G1290",
  "lemma": "διασπορά",
  "transliteration": "diaspora",
  "pronunciation": "dee-as-por-ah'",
  "pos": "feminine noun",
  "etymology": "",
  "kjv_translation_count": "dispersed (1x), scatter abroad (1x), scattered (1x).",
  "outline": [
    "a scattering, dispersion of Israelites dispersed among foreign nations of the Christians scattered abroad among the Gentiles",
    "of Israelites dispersed among foreign nations",
    "of the Christians scattered abroad among the Gentiles"
  ],
  "definition": "διασπορά diasporá, dee-as-por-ah'; from G1289 ; dispersion, i.e. (specially and concretely) the (converted) Israelite resident in Gentile countries:—(which are) scattered (abroad).",
  "has_outline": true
}