{
  "strongs_number": "G129",
  "lemma": "αἷμα",
  "transliteration": "haima",
  "pronunciation": "hah'-ee-mah",
  "pos": "neuter noun",
  "etymology": "",
  "kjv_translation_count": "blood (99x).",
  "outline": [
    "blood of man or animals refers to the seat of life of those things that resemble blood, grape juice",
    "of man or animals",
    "refers to the seat of life",
    "of those things that resemble blood, grape juice",
    "blood shed, to be shed by violence, slay, murder"
  ],
  "definition": "αἷμα haîma, hah'-ee-mah; of uncertain derivation; blood, literally (of men or animals), figuratively (the juice of grapes) or specially (the atoning blood of Christ); by implication, bloodshed, also kindred:—blood.",
  "has_outline": true
}