{
  "strongs_number": "G1299",
  "lemma": "διατάσσω",
  "transliteration": "diatassō",
  "pronunciation": "dee-at-as'-so",
  "pos": "verb",
  "etymology": "",
  "kjv_translation_count": "command (7x), appoint (4x), ordain (3x), set in order (1x), give order (1x).",
  "outline": [
    "to arrange, appoint, ordain, prescribe, give order"
  ],
  "definition": "διατάσσω diatássō, dee-at-as'-so; from G1223 and G5021 ; to arrange thoroughly, i.e. (specially) institute, prescribe, etc.:—appoint, command, give, (set in) order, ordain.",
  "has_outline": true
}