{
  "strongs_number": "G1293",
  "lemma": "διαστολή",
  "transliteration": "diastolē",
  "pronunciation": "dee-as-tol-ay'",
  "pos": "feminine noun",
  "etymology": "",
  "kjv_translation_count": "difference (2x), distinction (1x).",
  "outline": [
    "a distinction, difference of the different sounds musical instruments make",
    "of the different sounds musical instruments make"
  ],
  "definition": "διαστολή diastolḗ, dee-as-tol-ay'; from G1291 ; a variation:—difference, distinction.",
  "has_outline": true
}