{
  "strongs_number": "G1291",
  "lemma": "διαστέλλω",
  "transliteration": "diastellō",
  "pronunciation": "dee-as-tel'-lom-ahee",
  "pos": "verb",
  "etymology": "",
  "kjv_translation_count": "charge (6x), give commandment (1x), be commanded (1x).",
  "outline": [
    "to draw asunder, divide, distinguish, dispose, order",
    "to open one's self i.e. one's mind, to set forth distinctly",
    "to admonish, order, charge"
  ],
  "definition": "† διαστέλλομαι diastéllomai, dee-as-tel'-lom-ahee; middle voice from G1223 and G4724 ; to set (oneself) apart (figuratively, distinguish), i.e. (by implication) to enjoin:—charge, that which was (give) commanded(-ment).",
  "has_outline": true
}