{
  "strongs_number": "G1294",
  "lemma": "διαστρέφω",
  "transliteration": "diastrephō",
  "pronunciation": "dee-as-tref'-o",
  "pos": "verb",
  "etymology": "",
  "kjv_translation_count": "perverse (4x), pervert (2x), turn away (1x).",
  "outline": [
    "to distort, turn aside to oppose, plot against the saving purposes and plans of God",
    "to oppose, plot against the saving purposes and plans of God",
    "to turn aside from the right path, to pervert, corrupt"
  ],
  "definition": "διαστρέφω diastréphō, dee-as-tref'-o; from G1223 and G4762 ; to distort, i.e. (figuratively) misinterpret, or (morally) corrupt:—perverse(-rt), turn away.",
  "has_outline": true
}