{
  "strongs_number": "G1303",
  "lemma": "διατίθημι",
  "transliteration": "diatithēmi",
  "pronunciation": "dee-at-ith'-em-ahee",
  "pos": "verb",
  "etymology": "",
  "kjv_translation_count": "make (3x), testator (2x), appoint (2x).",
  "outline": [
    "to arrange, dispose of, one's own affairs of something that belongs to one to dispose of by will, make a testament",
    "of something that belongs to one",
    "to dispose of by will, make a testament",
    "to make a covenant, enter into a covenant, with one"
  ],
  "definition": "† διατίθεμαι diatíthemai, dee-at-ith'-em-ahee; middle voice from G1223 and G5087 ; to put apart, i.e. (figuratively) dispose (by assignment, compact, or bequest):—appoint, make, testator.",
  "has_outline": true
}