{
  "strongs_number": "G1301",
  "lemma": "διατηρέω",
  "transliteration": "diatēreō",
  "pronunciation": "dee-at-ay-reh'-o",
  "pos": "verb",
  "etymology": "",
  "kjv_translation_count": "keep (2x).",
  "outline": [
    "to keep continually or carefully"
  ],
  "definition": "διατηρέω diatēréō, dee-at-ay-reh'-o; from G1223 and G5083 ; to watch thoroughly, i.e. (positively and transitively) to observe strictly, or (negatively and reflexively) to avoid wholly:—keep.",
  "has_outline": true
}