{
  "strongs_number": "G130",
  "lemma": "αἱματεκχυσία",
  "transliteration": "haimatekchysia",
  "pronunciation": "hahee-mat-ek-khoo-see'-ah",
  "pos": "feminine noun",
  "etymology": "",
  "kjv_translation_count": "shedding of blood (1x).",
  "outline": [
    "shedding of blood"
  ],
  "definition": "αἱματεκχυσία haimatekchysía, hahee-mat-ek-khoo-see'-ah; from G129 and a derivative of G1632 ; an effusion of blood:—shedding of blood.",
  "has_outline": true
}