{
  "strongs_number": "G1306",
  "lemma": "διαυγάζω",
  "transliteration": "diaugazō",
  "pronunciation": "dee-ow-gad'-zo",
  "pos": "verb",
  "etymology": "",
  "kjv_translation_count": "dawn (1x).",
  "outline": [
    "to shine through, to dawn of daylight breaking through the darkness of night",
    "of daylight breaking through the darkness of night"
  ],
  "definition": "διαυγάζω diaugázō, dee-ow-gad'-zo; from G1223 and G826 ; to glimmer through, i.e. break (as day):—dawn.",
  "has_outline": true
}