{
  "strongs_number": "G1304",
  "lemma": "διατρίβω",
  "transliteration": "diatribō",
  "pronunciation": "dee-at-ree'-bo",
  "pos": "verb",
  "etymology": "",
  "kjv_translation_count": "abide (5x), tarry (2x), continue (2x), be (1x).",
  "outline": [
    "to rub between, rub hard",
    "to wear away, consume",
    "to spend, pass time"
  ],
  "definition": "διατρίβω diatríbō, dee-at-ree'-bo; from G1223 and the base of G5147 ; to wear through (time), i.e. remain:—abide, be, continue, tarry.",
  "has_outline": true
}