{
  "strongs_number": "G1308",
  "lemma": "διαφέρω",
  "transliteration": "diapherō",
  "pronunciation": "dee-af-er'-o",
  "pos": "verb",
  "etymology": "",
  "kjv_translation_count": "be better (3x), be of more value (2x), differ from (2x), should carry (1x), publish (1x), drive up and down (1x), miscellaneous (3x).",
  "outline": [
    "to bear or carry through any place",
    "to carry different ways to carry in different directions, to different places of people who are carried hither and thither in a ship, driven to and fro to differ, to test, prove, the good things that differ, to distinguish between good and evil, lawful and unlawful, to approve of things that excel, to differ from one to excel, surpass one impersonally, it makes a difference, it matters, is of importance",
    "to carry in different directions, to different places of people who are carried hither and thither in a ship, driven to and fro",
    "of people who are carried hither and thither in a ship, driven to and fro",
    "to differ, to test, prove, the good things that differ, to distinguish between good and evil, lawful and unlawful, to approve of things that excel, to differ from one to excel, surpass one",
    "to distinguish between good and evil, lawful and unlawful, to approve of things that excel, to differ from one",
    "to excel, surpass one",
    "impersonally, it makes a difference, it matters, is of importance"
  ],
  "definition": "διαφέρω diaphérō, dee-af-er'-o; from G1223 and G5342 ; to bear through, i.e. (literally) transport; usually to bear apart, i.e. (objectively) to toss about (figuratively, report); subjectively, to \"differ\", or (by implication) surpass:—be better, carry, differ from, drive up and down, be (more) excellent, make matter, publish, be of more value.",
  "has_outline": true
}