{
  "strongs_number": "G1314",
  "lemma": "διαφυλάσσω",
  "transliteration": "diaphylassō",
  "pronunciation": "dee-af-oo-las'-so",
  "pos": "verb",
  "etymology": "",
  "kjv_translation_count": "keep (1x).",
  "outline": [
    "to guard carefully the LXX used this esp. of God's providential care",
    "the LXX used this esp. of God's providential care"
  ],
  "definition": "διαφυλάσσω diaphylássō, dee-af-oo-las'-so; from G1223 and G5442 ; to guard thoroughly, i.e. protect:—keep.",
  "has_outline": true
}