{
  "strongs_number": "G1313",
  "lemma": "διάφορος",
  "transliteration": "diaphoros",
  "pronunciation": "dee-af'-or-os",
  "pos": "adjective",
  "etymology": "",
  "kjv_translation_count": "more excellent (2x), differing (1x), divers (1x).",
  "outline": [
    "different, varying in kind",
    "excellent, surpassing"
  ],
  "definition": "διάφορος diáphoros, dee-af'-or-os; from G1308 ; varying; also surpassing:—differing, divers, more excellent.",
  "has_outline": true
}