{
  "strongs_number": "G1318",
  "lemma": "διδακτός",
  "transliteration": "didaktos",
  "pronunciation": "did-ak-tos'",
  "pos": "adjective",
  "etymology": "",
  "kjv_translation_count": "which (one) teacheth (2x), taught (1x).",
  "outline": [
    "that can be taught",
    "taught, instructed by one",
    "teachings, precepts"
  ],
  "definition": "διδακτός didaktós, did-ak-tos'; from G1321 ; (subjectively) instructed, or (objectively) communicated by teaching:—taught, which … teacheth.",
  "has_outline": true
}