{
  "strongs_number": "G131",
  "lemma": "αἱμορροέω",
  "transliteration": "haimorroeō",
  "pronunciation": "hahee-mor-hreh'-o",
  "pos": "verb",
  "etymology": "",
  "kjv_translation_count": "diseased with an issue of blood (1x).",
  "outline": [
    "to suffer from a flow of blood, to have a discharge of blood, to lose blood"
  ],
  "definition": "αἱμοῤῥέω haimorrhéō, hahee-mor-hreh'-o; from G129 and G4482 ; to flow blood, i.e. have a hæmorrhage:—diseased with an issue of blood.",
  "has_outline": true
}