{
  "strongs_number": "G1316",
  "lemma": "διαχωρίζω",
  "transliteration": "diachōrizō",
  "pronunciation": "dee-akh-o-rid'-zom-ahee",
  "pos": "verb",
  "etymology": "",
  "kjv_translation_count": "depart (1x).",
  "outline": [
    "to separate thoroughly or wholly",
    "to separate one's self, depart"
  ],
  "definition": "διαχωρίζομαι diachōrízomai, dee-akh-o-rid'-zom-ahee; from G1223 and the middle voice of G5563 ; to remove (oneself) wholly, i.e. retire:—depart.",
  "has_outline": true
}