{
  "strongs_number": "G1311",
  "lemma": "διαφθείρω",
  "transliteration": "diaphtheirō",
  "pronunciation": "dee-af-thi'-ro",
  "pos": "verb",
  "etymology": "",
  "kjv_translation_count": "destroy (3x), corrupt (2x), perish (1x).",
  "outline": [
    "to change for the worse, to corrupt of minds, morals",
    "of minds, morals",
    "to destroy, ruin to consume of bodily vigour and strength of the worm or moth that eats provisions, clothing, etc. to destroy, to kill",
    "to consume of bodily vigour and strength of the worm or moth that eats provisions, clothing, etc.",
    "of bodily vigour and strength",
    "of the worm or moth that eats provisions, clothing, etc.",
    "to destroy, to kill"
  ],
  "definition": "διαφθείρω diaphtheírō, dee-af-thi'-ro; from G1225 and G5351 ; to rot thoroughly, i.e. (by implication) to ruin (passively, decay utterly, figuratively, pervert):—corrupt, destroy, perish.",
  "has_outline": true
}