{
  "strongs_number": "G1310",
  "lemma": "διαφημίζω",
  "transliteration": "diaphēmizō",
  "pronunciation": "dee-af-ay-mid'-zo",
  "pos": "verb",
  "etymology": "",
  "kjv_translation_count": "spread abroad (one's) fame (1x), be commonly reported (1x), blaze abroad (1x).",
  "outline": [
    "to spread abroad, blaze abroad",
    "to spread abroad his fame or renown"
  ],
  "definition": "διαφημίζω diaphēmízō, dee-af-ay-mid'-zo; from G1223 and a derivative of G5345 ; to report thoroughly, i.e. divulgate:—blaze abroad, commonly report, spread abroad, fame.",
  "has_outline": true
}