{
  "strongs_number": "G1315",
  "lemma": "διαχειρίζω",
  "transliteration": "diacheirizō",
  "pronunciation": "dee-akh-i-rid'-zom-ahee",
  "pos": "verb",
  "etymology": "",
  "kjv_translation_count": "slay (1x), kill (1x).",
  "outline": [
    "to move by the use of the hands, take in hand, manage, administer, govern",
    "to lay hands on, slay, kill [with one's own hand]"
  ],
  "definition": "† διαχειρίζομαι diacheirízomai, dee-akh-i-rid'-zom-ahee; from G1223 and a derivative of G5495 ; to handle thoroughly, i.e. lay violent hands upon:—kill, slay.",
  "has_outline": true
}