{
  "strongs_number": "G1312",
  "lemma": "διαφθορά",
  "transliteration": "diaphthora",
  "pronunciation": "dee-af-thor-ah'",
  "pos": "feminine noun",
  "etymology": "",
  "kjv_translation_count": "corruption (6x).",
  "outline": [
    "corruption, destruction",
    "in the NT that destruction which is effected by the decay of the body after death"
  ],
  "definition": "διαφθορά diaphthorá, dee-af-thor-ah'; from G1311 ; decay:—corruption.",
  "has_outline": true
}