{
  "strongs_number": "G1319",
  "lemma": "διδασκαλία",
  "transliteration": "didaskalia",
  "pronunciation": "did-as-kal-ee'-ah",
  "pos": "feminine noun",
  "etymology": "",
  "kjv_translation_count": "doctrine (19x), teaching (1x), learning (1x).",
  "outline": [
    "teaching, instruction",
    "teaching that which is taught, doctrine teachings, precepts",
    "that which is taught, doctrine",
    "teachings, precepts"
  ],
  "definition": "διδασκαλία didaskalía, did-as-kal-ee'-ah; from G1320 ; instruction (the function or the information):—doctrine, learning, teaching.",
  "has_outline": true
}