{
  "strongs_number": "G1322",
  "lemma": "διδαχή",
  "transliteration": "didachē",
  "pronunciation": "did-akh-ay'",
  "pos": "feminine noun",
  "etymology": "",
  "kjv_translation_count": "doctrine (29x), has been taught (1x).",
  "outline": [
    "teaching that which is taught doctrine, teaching, concerning something",
    "that which is taught",
    "doctrine, teaching, concerning something",
    "the act of teaching, instruction in religious assemblies of the Christians, to speak in the way of teaching, in distinction from other modes of speaking in public",
    "in religious assemblies of the Christians, to speak in the way of teaching, in distinction from other modes of speaking in public"
  ],
  "definition": "διδαχή didachḗ, did-akh-ay'; from G1321 ; instruction (the act or the matter):—doctrine, hath been taught.",
  "has_outline": true
}