{
  "strongs_number": "G1326",
  "lemma": "διεγείρω",
  "transliteration": "diegeirō",
  "pronunciation": "dee-eg-i'-ro",
  "pos": "verb",
  "etymology": "",
  "kjv_translation_count": "awake (2x), arise (2x), stir up (2x), raise (1x).",
  "outline": [
    "to wake up, awaken, arouse (from sleep) of the sea, which begins to be agitated, to rise metaph. to arouse the mind stir up, render active",
    "of the sea, which begins to be agitated, to rise",
    "metaph. to arouse the mind stir up, render active",
    "to arouse the mind",
    "stir up, render active"
  ],
  "definition": "διεγείρω diegeírō, dee-eg-i'-ro; from G1223 and G1453 ; to wake fully; i.e. arouse (literally or figuratively):—arise, awake, raise, stir up.",
  "has_outline": true
}