{
  "strongs_number": "G1325",
  "lemma": "δίδωμι",
  "transliteration": "didōmi",
  "pronunciation": "did'-o-mee",
  "pos": "verb",
  "etymology": "",
  "kjv_translation_count": "give (365x), grant (10x), put (5x), show (4x), deliver (2x), make (2x), miscellaneous (25x).",
  "outline": [
    "to give",
    "to give something to someone of one's own accord to give one something, to his advantage to bestow a gift to grant, give to one asking, let have to supply, furnish, necessary things to give over, deliver to reach out, extend, present of a writing to give over to one's care, intrust, commit something to be administered to give or commit to some one something to be religiously observed to give what is due or obligatory, to pay: wages or reward to furnish, endue",
    "of one's own accord to give one something, to his advantage to bestow a gift",
    "to bestow a gift",
    "to grant, give to one asking, let have",
    "to supply, furnish, necessary things",
    "to give over, deliver to reach out, extend, present of a writing to give over to one's care, intrust, commit something to be administered to give or commit to some one something to be religiously observed",
    "to reach out, extend, present",
    "of a writing",
    "to give over to one's care, intrust, commit something to be administered to give or commit to some one something to be religiously observed",
    "something to be administered",
    "to give or commit to some one something to be religiously observed",
    "to give what is due or obligatory, to pay: wages or reward",
    "to furnish, endue",
    "to give to cause, profuse, give forth from one's self to give, hand out lots to appoint to an office to cause to come forth, i.e. as the sea, death and Hell are said to give up the dead who have been engulfed or received by them to give one to someone as his own as an object of his saving care to give one to someone, to follow him as a leader and master to give one to someone to care for his interests to give one to someone to whom he already belonged, to return",
    "to cause, profuse, give forth from one's self to give, hand out lots",
    "to give, hand out lots",
    "to appoint to an office",
    "to cause to come forth, i.e. as the sea, death and Hell are said to give up the dead who have been engulfed or received by them",
    "to give one to someone as his own as an object of his saving care to give one to someone, to follow him as a leader and master to give one to someone to care for his interests to give one to someone to whom he already belonged, to return",
    "as an object of his saving care",
    "to give one to someone, to follow him as a leader and master",
    "to give one to someone to care for his interests",
    "to give one to someone to whom he already belonged, to return",
    "to grant or permit one to commission",
    "to commission"
  ],
  "definition": "δίδωμι dídōmi, did'-o-mee; a prolonged form of a primary verb (which is used as an alternative in most of the tenses); to give (used in a very wide application, properly, or by implication, literally or figuratively; greatly modified by the connection):—adventure, bestow, bring forth, commit, deliver (up), give, grant, hinder, make, minister, number, offer, have power, put, receive, set, shew, smite ( + with the hand), strike ( + with the palm of the hand), suffer, take, utter, yield.",
  "has_outline": true
}