{
  "strongs_number": "G1320",
  "lemma": "διδάσκαλος",
  "transliteration": "didaskalos",
  "pronunciation": "did-as'-kal-os",
  "pos": "masculine noun",
  "etymology": "",
  "kjv_translation_count": "Master (Jesus) (40x), teacher (10x), master (7x), doctor (1x).",
  "outline": [
    "a teacher",
    "in the NT one who teaches concerning the things of God, and the duties of man one who is fitted to teach, or thinks himself so the teachers of the Jewish religion of those who by their great power as teachers draw crowds around them i.e. John the Baptist, Jesus by preeminence used of Jesus by himself, as one who showed men the way of salvation of the apostles, and of Paul of those who in the religious assemblies of the Christians, undertook the work of teaching, with the special assistance of the Holy Spirit of false teachers among Christians",
    "one who is fitted to teach, or thinks himself so",
    "the teachers of the Jewish religion",
    "of those who by their great power as teachers draw crowds around them i.e. John the Baptist, Jesus",
    "by preeminence used of Jesus by himself, as one who showed men the way of salvation",
    "of the apostles, and of Paul",
    "of those who in the religious assemblies of the Christians, undertook the work of teaching, with the special assistance of the Holy Spirit",
    "of false teachers among Christians"
  ],
  "definition": "διδάσκαλος didáskalos, did-as'-kal-os; from G1321 ; an instructor (genitive case or specially):—doctor, master, teacher.",
  "has_outline": true
}