{
  "strongs_number": "G1329",
  "lemma": "διερμηνεύω",
  "transliteration": "diermēneuō",
  "pronunciation": "dee-er-main-yoo'-o",
  "pos": "verb",
  "etymology": "",
  "kjv_translation_count": "interpret (4x), by interpretation (1x), expound (1x).",
  "outline": [
    "to unfold the meaning of what is said, explain, expound",
    "to translate into one's native language"
  ],
  "definition": "διερμηνεύω diermēneúō, dee-er-main-yoo'-o; from G1223 and G2059 ; to explain thoroughly, by implication, to translate:—expound, interpret(-ation).",
  "has_outline": true
}