{
  "strongs_number": "G132",
  "lemma": "Αἰνέας",
  "transliteration": "aineas",
  "pronunciation": "ahee-neh'-as",
  "pos": "proper masculine noun",
  "etymology": "",
  "kjv_translation_count": "Aeneas (2x).",
  "outline": [
    "Aeneas = \"laudable\" the name of a paralytic cured by Peter at Lydia",
    "the name of a paralytic cured by Peter at Lydia"
  ],
  "definition": "Αἰνέας Ainéas, ahee-neh'-as; of uncertain derivation; Ænĕas, an Israelite:—Æneas.",
  "has_outline": true
}