{
  "strongs_number": "G1321",
  "lemma": "διδάσκω",
  "transliteration": "didaskō",
  "pronunciation": "did-as'-ko",
  "pos": "verb",
  "etymology": "",
  "kjv_translation_count": "teach (93x), taught (with G 2258) (4x).",
  "outline": [
    "to teach to hold discourse with others in order to instruct them, deliver didactic discourses to be a teacher to discharge the office of a teacher, conduct one's self as a teacher",
    "to hold discourse with others in order to instruct them, deliver didactic discourses",
    "to be a teacher",
    "to discharge the office of a teacher, conduct one's self as a teacher",
    "to teach one to impart instruction instill doctrine into one the thing taught or enjoined to explain or expound a thing to teach one something",
    "to impart instruction",
    "instill doctrine into one",
    "the thing taught or enjoined",
    "to explain or expound a thing",
    "to teach one something"
  ],
  "definition": "διδάσκω didáskō, did-as'-ko; a prolonged (causative) form of a primary verb δάω dáō (to learn); to teach (in the same broad application):—teach.",
  "has_outline": true
}