{
  "strongs_number": "G1324",
  "lemma": "Δίδυμος",
  "transliteration": "didymos",
  "pronunciation": "did'-oo-mos",
  "pos": "proper masculine noun",
  "etymology": "",
  "kjv_translation_count": "Didymus (3x).",
  "outline": [
    "Didymus = \"two fold or twain\" a surname for the apostle Thomas",
    "a surname for the apostle Thomas"
  ],
  "definition": "Δίδυμος Dídymos, did'-oo-mos; prolongation from G1364 ; double, i.e. twin; Didymus, a Christian:—Didymus.",
  "has_outline": true
}