{
  "strongs_number": "G1323",
  "lemma": "δίδραχμον",
  "transliteration": "didrachmon",
  "pronunciation": "did'-rakh-mon",
  "pos": "neuter noun",
  "etymology": "",
  "kjv_translation_count": "tribute (1x), tribute money (1x).",
  "outline": [
    "a didrachmon or double drachma, a silver coin equal to two Attic drachmas or one Alexandrian, or one half a shekel"
  ],
  "definition": "δίδραχμον dídrachmon, did'-rakh-mon; from G1364 and G1406 ; a double drachma (didrachm):—tribute.",
  "has_outline": true
}