{
  "strongs_number": "G1327",
  "lemma": "διέξοδος",
  "transliteration": "diexodos",
  "pronunciation": "dee-ex'-od-os",
  "pos": "feminine noun",
  "etymology": "",
  "kjv_translation_count": "highway (with G 3598) (with G 3588) (1x).",
  "outline": [
    "a way out through, outlet, exit literally the ways through which ways go out the places before the city where the roads from the country terminate, therefore outlets of the country highways, also entrances into the city of boundaries of countries",
    "literally the ways through which ways go out",
    "the places before the city where the roads from the country terminate, therefore outlets of the country highways, also entrances into the city",
    "of boundaries of countries"
  ],
  "definition": "διέξοδος diéxodos, dee-ex'-od-os; from G1223 and G1841 ; an outlet through, i.e. probably an open square (from which roads diverge):—highway.",
  "has_outline": true
}