{
  "strongs_number": "G1331",
  "lemma": "διερωτάω",
  "transliteration": "dierōtaō",
  "pronunciation": "dee-er-o-tah'-o",
  "pos": "verb",
  "etymology": "",
  "kjv_translation_count": "make enquiry for (1x).",
  "outline": [
    "to ask through ask many, one after another to find out by asking, enquire out",
    "ask many, one after another",
    "to find out by asking, enquire out"
  ],
  "definition": "διερωτάω dierōtáō, dee-er-o-tah'-o; from G1223 and G2065 ; to question throughout, i.e. ascertain by interrogation:—make enquiry for.",
  "has_outline": true
}