{
  "strongs_number": "G1337",
  "lemma": "διθάλασσος",
  "transliteration": "dithalassos",
  "pronunciation": "dee-thal'-as-sos",
  "pos": "adjective",
  "etymology": "",
  "kjv_translation_count": "where two seas meet (1x).",
  "outline": [
    "resembling or forming two seas: thus of the Euxine Sea",
    "lying between two seas, i.e. washed on both sides by the sea an isthmus or tongue of land, the extremity of which is covered by the waves a projecting reef or bar against which the waves dash on both sides",
    "an isthmus or tongue of land, the extremity of which is covered by the waves",
    "a projecting reef or bar against which the waves dash on both sides"
  ],
  "definition": "διθάλασσος dithálassos, dee-thal'-as-sos; from G1364 and G2281 ; having two seas, i.e. a sound with a double outlet:—where two seas meet.",
  "has_outline": true
}