{
  "strongs_number": "G1339",
  "lemma": "διΐστημι",
  "transliteration": "diistēmi",
  "pronunciation": "dee-is'-tay-mee",
  "pos": "verb",
  "etymology": "",
  "kjv_translation_count": "the space of ... after (1x), go further (1x), be parted (1x).",
  "outline": [
    "to place separately, put asunder, disjoin",
    "to stand apart, to part, depart"
  ],
  "definition": "διΐστημι diḯstēmi, dee-is'-tay-mee; from G1223 and G2476 ; to stand apart, i.e. (reflexively) to remove, intervene:—go further, be parted, after the space of.",
  "has_outline": true
}