{
  "strongs_number": "G1330",
  "lemma": "διέρχομαι",
  "transliteration": "dierchomai",
  "pronunciation": "dee-er'-khom-ahee",
  "pos": "verb",
  "etymology": "",
  "kjv_translation_count": "pass (8x), pass through (7x), go (7x), go over (3x), go through (2x), walk (2x), miscellaneous (13x), variations of 'to go' (1x).",
  "outline": [
    "to go through, pass through to go, walk, journey, pass through a place to travel the road which leads through a place, go, pass, travel through a region",
    "to go, walk, journey, pass through a place",
    "to travel the road which leads through a place, go, pass, travel through a region",
    "to go different places of people, to go abroad of a report, to spread, go abroad",
    "of people, to go abroad",
    "of a report, to spread, go abroad"
  ],
  "definition": "διέρχομαι diérchomai, dee-er'-khom-ahee; from G1223 and G2064 ; to traverse (literally):—come, depart, go (about, abroad, everywhere, over, through, throughout), pass (by, over, through, throughout), pierce through, travel, walk through.",
  "has_outline": true
}