{
  "strongs_number": "G1336",
  "lemma": "διηνεκής",
  "transliteration": "diēnekēs",
  "pronunciation": "dee-ay-nek-es'",
  "pos": "adjective",
  "etymology": "",
  "kjv_translation_count": "continually (with G 1519) (2x), for ever (with G 1519) (2x).",
  "outline": [
    "continuously, continuous"
  ],
  "definition": "† διηνεκής diēnekḗs, dee-ay-nek-es'; neuter of a compound of G1223 and a derivative of an alternate of G5342 ; carried through, i.e. (adverbially with G1519 and G3588 prefixed) perpetually:— + continually, for ever.",
  "has_outline": true
}