{
  "strongs_number": "G1334",
  "lemma": "διηγέομαι",
  "transliteration": "diēgeomai",
  "pronunciation": "dee-ayg-eh'-om-ahee",
  "pos": "verb",
  "etymology": "",
  "kjv_translation_count": "tell (4x), declare (3x), show (1x).",
  "outline": [
    "to lead or carry a narration through to the end",
    "set forth, recount, relate in full, describe"
  ],
  "definition": "διηγέομαι diēgéomai, dee-ayg-eh'-om-ahee; from G1223 and G2233 ; to relate fully:—declare, shew, tell.",
  "has_outline": true
}