{
  "strongs_number": "G1347",
  "lemma": "δικαίωσις",
  "transliteration": "dikaiōsis",
  "pronunciation": "dik-ah'-yo-sis",
  "pos": "feminine noun",
  "etymology": "",
  "kjv_translation_count": "justification (2x).",
  "outline": [
    "the act of God declaring men free from guilt and acceptable to him",
    "[adjudging] 1 to be righteous, justification"
  ],
  "definition": "δικαίωσις dikaíōsis, dik-ah'-yo-sis; from G1344 ; aquittal (for Christ's sake):—justification.",
  "has_outline": true
}