{
  "strongs_number": "G1346",
  "lemma": "δικαίως",
  "transliteration": "dikaiōs",
  "pronunciation": "dik-ah'-yoce",
  "pos": "adverb",
  "etymology": "",
  "kjv_translation_count": "justly (2x), righteously (2x), to righteousness (1x).",
  "outline": [
    "just, agreeably to right",
    "properly, as is right",
    "uprightly, agreeable to the law of rectitude"
  ],
  "definition": "δικαίως dikaíōs, dik-ah'-yoce; adverb from G1342 ; equitably:—justly, (to) righteously(-ness).",
  "has_outline": true
}