{
  "strongs_number": "G1349",
  "lemma": "δίκη",
  "transliteration": "dikē",
  "pronunciation": "dee'-kay",
  "pos": "feminine noun",
  "etymology": "",
  "kjv_translation_count": "vengeance (2x), judgment (1x), punish (with G 5099) (1x).",
  "outline": [
    "custom, usage",
    "right, just",
    "a suit at law",
    "a judicial hearing, judicial decision, esp. sentence of condemnation",
    "execution of a sentence, punishment to suffer punishment",
    "to suffer punishment",
    "the goddess Justice, avenging justice"
  ],
  "definition": "† δίκη díkē, dee'-kay; probably from G1166 ; right (as self-evident), i.e. justice (the principle, a decision, or its execution):—judgment, punish, vengeance.",
  "has_outline": true
}