{
  "strongs_number": "G1340",
  "lemma": "διϊσχυρίζομαι",
  "transliteration": "diischyrizomai",
  "pronunciation": "dee-is-khoo-rid'-zom-ahee",
  "pos": "verb",
  "etymology": "",
  "kjv_translation_count": "confidently affirm (1x), constantly affirm (1x).",
  "outline": [
    "to lean upon",
    "to affirm stoutly, assert confidently"
  ],
  "definition": "διϊσχυρίζομαι diïschyrízomai, dee-is-khoo-rid'-zom-ahee; from G1223 and a derivative of G2478 ; to stout it through, i.e. asservate:—confidently (constantly) affirm.",
  "has_outline": true
}