{
  "strongs_number": "G1342",
  "lemma": "δίκαιος",
  "transliteration": "dikaios",
  "pronunciation": "dik'-ah-yos",
  "pos": "adjective",
  "etymology": "",
  "kjv_translation_count": "righteous (41x), just (33x), right (5x), meet (2x).",
  "outline": [
    "righteous, observing divine laws in a wide sense, upright, righteous, virtuous, keeping the commands of God of those who seem to themselves to be righteous, who pride themselves to be righteous, who pride themselves in their virtues, whether real or imagined innocent, faultless, guiltless used of him whose way of thinking, feeling, and acting is wholly conformed to the will of God, and who therefore needs no rectification in the heart or life only Christ truly approved of or acceptable of God in a narrower sense, rendering to each his due and that in a judicial sense, passing just judgment on others, whether expressed in words or shown by the manner of dealing with them",
    "in a wide sense, upright, righteous, virtuous, keeping the commands of God of those who seem to themselves to be righteous, who pride themselves to be righteous, who pride themselves in their virtues, whether real or imagined innocent, faultless, guiltless used of him whose way of thinking, feeling, and acting is wholly conformed to the will of God, and who therefore needs no rectification in the heart or life only Christ truly approved of or acceptable of God",
    "of those who seem to themselves to be righteous, who pride themselves to be righteous, who pride themselves in their virtues, whether real or imagined",
    "innocent, faultless, guiltless",
    "used of him whose way of thinking, feeling, and acting is wholly conformed to the will of God, and who therefore needs no rectification in the heart or life only Christ truly",
    "only Christ truly",
    "approved of or acceptable of God",
    "in a narrower sense, rendering to each his due and that in a judicial sense, passing just judgment on others, whether expressed in words or shown by the manner of dealing with them"
  ],
  "definition": "δίκαιος díkaios, dik'-ah-yos; from G1349 ; equitable (in character or act); by implication, innocent, holy (absolutely or relatively):—just, meet, right(-eous).",
  "has_outline": true
}