{
  "strongs_number": "G1343",
  "lemma": "δικαιοσύνη",
  "transliteration": "dikaiosynē",
  "pronunciation": "dik-ah-yos-oo'-nay",
  "pos": "feminine noun",
  "etymology": "",
  "kjv_translation_count": "righteousness (92x).",
  "outline": [
    "in a broad sense: state of him who is as he ought to be, righteousness, the condition acceptable to God the doctrine concerning the way in which man may attain a state approved of God integrity, virtue, purity of life, rightness, correctness of thinking feeling, and acting",
    "the doctrine concerning the way in which man may attain a state approved of God",
    "integrity, virtue, purity of life, rightness, correctness of thinking feeling, and acting",
    "in a narrower sense, justice or the virtue which gives each his due"
  ],
  "definition": "δικαιοσύνη dikaiosýnē, dik-ah-yos-oo'-nay; from G1342 ; equity (of character or act); specially (Christian) justification:—righteousness.",
  "has_outline": true
}