{
  "strongs_number": "G1345",
  "lemma": "δικαίωμα",
  "transliteration": "dikaiōma",
  "pronunciation": "dik-ah'-yo-mah",
  "pos": "neuter noun",
  "etymology": "",
  "kjv_translation_count": "righteousness (4x), ordinance (3x), judgment (2x), justification (1x).",
  "outline": [
    "that which has been deemed right so as to have force of law what has been established, and ordained by law, an ordinance a judicial decision, sentence of God either the favourable judgment by which he acquits man and declares them acceptable to Him unfavourable: sentence of condemnation",
    "what has been established, and ordained by law, an ordinance",
    "a judicial decision, sentence of God either the favourable judgment by which he acquits man and declares them acceptable to Him unfavourable: sentence of condemnation",
    "of God either the favourable judgment by which he acquits man and declares them acceptable to Him unfavourable: sentence of condemnation",
    "either the favourable judgment by which he acquits man and declares them acceptable to Him",
    "unfavourable: sentence of condemnation",
    "a righteous act or deed"
  ],
  "definition": "δικαίωμα dikaíōma, dik-ah'-yo-mah; from G1344 ; an equitable deed; by implication, a statute or decision:—judgment, justification, ordinance, righteousness.",
  "has_outline": true
}