{
  "strongs_number": "G1344",
  "lemma": "δικαιόω",
  "transliteration": "dikaioō",
  "pronunciation": "dik-ah-yo'-o",
  "pos": "verb",
  "etymology": "",
  "kjv_translation_count": "justify (37x), be freed (1x), be righteous (1x), justifier (1x).",
  "outline": [
    "to render righteous or such he ought to be",
    "to show, exhibit, evince, one to be righteous, such as he is and wishes himself to be considered",
    "to declare, pronounce, one to be just, righteous, or such as he ought to be"
  ],
  "definition": "δικαιόω dikaióō, dik-ah-yo'-o; from G1342 ; to render (i.e. show or regard as) just or innocent:—free, justify(-ier), be righteous.",
  "has_outline": true
}