{
  "strongs_number": "G1354",
  "lemma": "Διονύσιος",
  "transliteration": "dionysios",
  "pronunciation": "dee-on-oo'-see-os",
  "pos": "proper masculine noun",
  "etymology": "",
  "kjv_translation_count": "Dionysius (1x).",
  "outline": [
    "Dionysius = \"devoted to Bacchus\" an Athenian, a member of the Areopagus, converted to Christianity by Paul",
    "an Athenian, a member of the Areopagus, converted to Christianity by Paul"
  ],
  "definition": "Διονύσιος Dionýsios, dee-on-oo'-see-os; from Διόνυσος Diónysos (Bacchus); reveller; Dionysius, an Athenian:—Dionysius.",
  "has_outline": true
}