{
  "strongs_number": "G1359",
  "lemma": "Διόσκουροι",
  "transliteration": "dioskouroi",
  "pronunciation": "dee-os'-koo-roy",
  "pos": "proper masculine noun",
  "etymology": "",
  "kjv_translation_count": "Castor and Pollux (1x).",
  "outline": [
    "Castor and Pollux, were the twin sons of Jupiter and Leda, and were regarded as the tutelary divinities of sailors"
  ],
  "definition": "Διόσκουροι Dióskouroi, dee-os'-koo-roy; from the alternate of G2203 and a form of the base of G2877 ; sons of Jupiter, i.e. the twins Dioscuri:—Castor and Pollux.",
  "has_outline": true
}