{
  "strongs_number": "G1357",
  "lemma": "διόρθωσις",
  "transliteration": "diorthōsis",
  "pronunciation": "dee-or'-tho-sis",
  "pos": "feminine noun",
  "etymology": "",
  "kjv_translation_count": "reformation (1x).",
  "outline": [
    "in a physical sense, a making straight, restoring to its natural and normal condition something which in some way protrudes or has got out of line, as broken or misshapen limbs",
    "of acts and institutions, reformation"
  ],
  "definition": "διόρθωσις diórthōsis, dee-or'-tho-sis; from a compound of G1223 and a derivative of G3717 , meaning to straighten thoroughly; rectification, i.e. (specially) the Messianic restauration:—reformation.",
  "has_outline": true
}