{
  "strongs_number": "G135",
  "lemma": "αἴνιγμα",
  "transliteration": "ainigma",
  "pronunciation": "ah'-ee-nig-ma",
  "pos": "neuter noun",
  "etymology": "",
  "kjv_translation_count": "darkly (with G 1722) (1x).",
  "outline": [
    "an obscure saying, enigma, riddle",
    "an obscure thing"
  ],
  "definition": "αἴνιγμα aínigma, ah'-ee-nig-ma; from a derivative of G136 (in its primary sense); an obscure saying (\"enigma\"), i.e. (abstractly) obscureness:—X darkly.",
  "has_outline": true
}