{
  "strongs_number": "G1353",
  "lemma": "διοδεύω",
  "transliteration": "diodeuō",
  "pronunciation": "dee-od-yoo'-o",
  "pos": "verb",
  "etymology": "",
  "kjv_translation_count": "go throughout (1x), pass through (1x).",
  "outline": [
    "to pass or travel through",
    "to travel here and there, go about"
  ],
  "definition": "διοδεύω diodeúō, dee-od-yoo'-o; from G1223 and G3593 ; to travel through:—go throughout, pass through.",
  "has_outline": true
}