{
  "strongs_number": "G1356",
  "lemma": "διοπετής",
  "transliteration": "diopetēs",
  "pronunciation": "dee-op-et'-ace",
  "pos": "adjective",
  "etymology": "",
  "kjv_translation_count": "which fell down from Jupiter (1x).",
  "outline": [
    "fallen from Zeus, i.e. from heaven",
    "an image of the Ephesian Artemis which was supposed to have fallen from heaven"
  ],
  "definition": "διοπετής diopetḗs, dee-op-et'-ace; from the alternate of G2203 and the alternate of G4098 ; sky-fallen (i.e. an aerolite):—which fell down from Jupiter.",
  "has_outline": true
}