{
  "strongs_number": "G1351",
  "lemma": "δίλογος",
  "transliteration": "dilogos",
  "pronunciation": "dil'-og-os",
  "pos": "verb",
  "etymology": "",
  "kjv_translation_count": "doubletongued (1x).",
  "outline": [
    "saying the same thing twice, repeating",
    "double tongued, double in speech, saying one thing with one person another with another (with the intent to deceive)"
  ],
  "definition": "δίλογος dílogos, dil'-og-os; from G1364 and G3056 ; equivocal, i.e. telling a different story:—double-tongued.",
  "has_outline": true
}