{
  "strongs_number": "G1361",
  "lemma": "Διοτρεφής",
  "transliteration": "diotrephēs",
  "pronunciation": "dee-ot-ref-ace'",
  "pos": "proper masculine noun",
  "etymology": "",
  "kjv_translation_count": "Diotrephes (1x).",
  "outline": [
    "Diotrephes = \"nourished by Jove\" a proud arrogant Christian mentioned in 3 Jo. 9",
    "a proud arrogant Christian mentioned in 3 Jo. 9"
  ],
  "definition": "Διοτρεφής Diotrephḗs, dee-ot-ref-ace'; from the alternate of G2203 and G5142 ; Jove-nourished; Diotrephes, an opponent of Christianity:—Diotrephes.",
  "has_outline": true
}