{
  "strongs_number": "G1366",
  "lemma": "δίστομος",
  "transliteration": "distomos",
  "pronunciation": "dis'-tom-os",
  "pos": "adjective",
  "etymology": "",
  "kjv_translation_count": "twoedged (2x), with two edges (1x).",
  "outline": [
    "having a double mouth as a river used of the edge of the sword and of other weapons, so has the meaning of two-edged",
    "used of the edge of the sword and of other weapons, so has the meaning of two-edged"
  ],
  "definition": "δίστομος dístomos, dis'-tom-os; from G1364 and G4750 ; double-edged:—with two edges, two-edged.",
  "has_outline": true
}