{
  "strongs_number": "G1368",
  "lemma": "διϋλίζω",
  "transliteration": "diylizō",
  "pronunciation": "dee-oo-lid'-zo",
  "pos": "verb",
  "etymology": "",
  "kjv_translation_count": "strain at (1x).",
  "outline": [
    "to filter through, strain through, pour through a filter, strain out"
  ],
  "definition": "† διϋλίζω diÿlízō, dee-oo-lid'-zo; from G1223 and ὑλίζω hylízō hoo-lid'-zo (to filter); to strain out:—strain at (probably by misprint).",
  "has_outline": true
}