{
  "strongs_number": "G1360",
  "lemma": "διότι",
  "transliteration": "dioti",
  "pronunciation": "dee-ot'-ee",
  "pos": "conjunction",
  "etymology": "",
  "kjv_translation_count": "because (10x), for (8x), because that (3x), therefore (1x).",
  "outline": [
    "on this account that, because",
    "for"
  ],
  "definition": "διότι dióti, dee-ot'-ee; from G1223 and G3754 ; on the very account that, or inasmuch as:—because (that), for, therefore.",
  "has_outline": true
}