{
  "strongs_number": "G1372",
  "lemma": "διψάω",
  "transliteration": "dipsaō",
  "pronunciation": "dip-sah'-o",
  "pos": "verb",
  "etymology": "",
  "kjv_translation_count": "thirst (10x), be thirsty (3x), be athirst (3x).",
  "outline": [
    "to suffer thirst, suffer from thirst figuratively, those who are said to thirst who painfully feel their want of, and eagerly long for, those things by which the soul is refreshed, supported, strengthened",
    "figuratively, those who are said to thirst who painfully feel their want of, and eagerly long for, those things by which the soul is refreshed, supported, strengthened"
  ],
  "definition": "διψάω dipsáō, dip-sah'-o; from a variation of G1373 ; to thirst for (literally or figuratively):—(be, be a-)thirst(-y).",
  "has_outline": true
}