{
  "strongs_number": "G1379",
  "lemma": "δογματίζω",
  "transliteration": "dogmatizō",
  "pronunciation": "dog-mat-id'-zo",
  "pos": "verb",
  "etymology": "",
  "kjv_translation_count": "be subject to ordinances (1x).",
  "outline": [
    "to decree, command, enjoin, lay down an ordinance"
  ],
  "definition": "δογματίζω dogmatízō, dog-mat-id'-zo; from G1378 ; to prescribe by statute, i.e. (reflexively) to submit to, ceremonially rule:—be subject to ordinances.",
  "has_outline": true
}