{
  "strongs_number": "G137",
  "lemma": "Αἰνών",
  "transliteration": "ainōn",
  "pronunciation": "ahee-nohn'",
  "pos": "proper locative noun",
  "etymology": "",
  "kjv_translation_count": "Aenon (1x).",
  "outline": [
    "Aenon meaning \"springs\" the name of a place \"near to Salim\" at which John baptised",
    "the name of a place \"near to Salim\" at which John baptised"
  ],
  "definition": "Αἰνών Ainṓn, ahee-nohn'; of Hebrew origin (a derivative of H5869 , place of springs); Ænon, a place in Palestine:—Ænon.",
  "has_outline": true
}