{
  "strongs_number": "G1378",
  "lemma": "δόγμα",
  "transliteration": "dogma",
  "pronunciation": "dog'-mah",
  "pos": "neuter noun",
  "etymology": "",
  "kjv_translation_count": "decree (3x), ordinance (2x).",
  "outline": [
    "doctrine, decree, ordinance of public decrees of the Roman Senate of rulers",
    "of public decrees",
    "of the Roman Senate",
    "of rulers",
    "the rules and requirements of the law of Moses; carrying a suggestion of severity and of threatened judgment",
    "of certain decrees of the apostles relative to right living"
  ],
  "definition": "δόγμα dógma, dog'-mah; from the base of G1380 ; a law (civil, ceremonial or ecclesiastical):—decree, ordinance.",
  "has_outline": true
}