{
  "strongs_number": "G1374",
  "lemma": "δίψυχος",
  "transliteration": "dipsychos",
  "pronunciation": "dip'-soo-khos",
  "pos": "adjective",
  "etymology": "",
  "kjv_translation_count": "double minded (2x).",
  "outline": [
    "double minded wavering, uncertain, doubting divided in interest",
    "wavering, uncertain, doubting",
    "divided in interest"
  ],
  "definition": "δίψυχος dípsychos, dip'-soo-khos; from G1364 and G5590 ; two-spirited, i.e. vacillating (in opinion or purpose):—double minded.",
  "has_outline": true
}