{
  "strongs_number": "G1377",
  "lemma": "διώκω",
  "transliteration": "diōkō",
  "pronunciation": "dee-o'-ko",
  "pos": "verb",
  "etymology": "",
  "kjv_translation_count": "persecute (28x), follow after (6x), follow (4x), suffer persecution (3x), miscellaneous (3x).",
  "outline": [
    "to make to run or flee, put to flight, drive away",
    "to run swiftly in order to catch a person or thing, to run after to press on: figuratively of one who in a race runs swiftly to reach the goal to pursue (in a hostile manner)",
    "to press on: figuratively of one who in a race runs swiftly to reach the goal",
    "to pursue (in a hostile manner)",
    "in any way whatever to harass, trouble, molest one to persecute to be mistreated, suffer persecution on account of something",
    "to persecute",
    "to be mistreated, suffer persecution on account of something",
    "without the idea of hostility, to run after, follow after: someone",
    "metaph., to pursue to seek after eagerly, earnestly endeavour to acquire",
    "to seek after eagerly, earnestly endeavour to acquire"
  ],
  "definition": "διώκω diṓkō, dee-o'-ko; a prolonged (and causative) form of a primary verb δίω díō (to flee; compare the base of G1169 and G1249 ); to pursue (literally or figuratively); by implication, to persecute:—ensue, follow (after), given to, (suffer) persecute(-ion), press forward.",
  "has_outline": true
}