{
  "strongs_number": "G1371",
  "lemma": "διχοτομέω",
  "transliteration": "dichotomeō",
  "pronunciation": "dee-khot-om-eh'-o",
  "pos": "verb",
  "etymology": "",
  "kjv_translation_count": "cut asunder (1x), cut in sunder (1x).",
  "outline": [
    "to cut into two parts of the cruel method of punishment used by the Hebrews and others of cutting one in two",
    "of the cruel method of punishment used by the Hebrews and others of cutting one in two",
    "cut up by scourging, scourge severely"
  ],
  "definition": "διχοτομέω dichotoméō, dee-khot-om-eh'-o; from a compound of a derivative of G1364 and a derivative of τέμνω témnō (to cut); to bisect, i.e. (by extension) to flog severely:—cut asunder (in sunder).",
  "has_outline": true
}