{
  "strongs_number": "G1370",
  "lemma": "διχοστασία",
  "transliteration": "dichostasia",
  "pronunciation": "dee-khos-tas-ee'-ah",
  "pos": "feminine noun",
  "etymology": "",
  "kjv_translation_count": "division (2x), sedition (1x).",
  "outline": [
    "dissension, division"
  ],
  "definition": "διχοστασία dichostasía, dee-khos-tas-ee'-ah; from a derivative of G1364 and G4714 ; disunion, i.e. (figuratively) dissension:—division, sedition.",
  "has_outline": true
}