{
  "strongs_number": "G1381",
  "lemma": "δοκιμάζω",
  "transliteration": "dokimazō",
  "pronunciation": "dok-im-ad'-zo",
  "pos": "verb",
  "etymology": "",
  "kjv_translation_count": "prove (10x), try (4x), approve (3x), discern (2x), allow (2x), like (1x), examine (1x).",
  "outline": [
    "to test, examine, prove, scrutinise (to see whether a thing is genuine or not), as metals",
    "to recognise as genuine after examination, to approve, deem worthy"
  ],
  "definition": "† δοκιμάζω dokimázō, dok-im-ad'-zo; from G1384 ; to test (literally or figuratively); by implication, to approve:—allow, discern, examine, × like, (ap-)prove, try.",
  "has_outline": true
}