{
  "strongs_number": "G1383",
  "lemma": "δοκίμιον",
  "transliteration": "dokimion",
  "pronunciation": "dok-im'-ee-on",
  "pos": "neuter noun",
  "etymology": "",
  "kjv_translation_count": "trying (1x), trial (1x).",
  "outline": [
    "the proving",
    "that by which something is tried or proved, a test"
  ],
  "definition": "δοκίμιον dokímion, dok-im'-ee-on; neuter of a presumed derivative of G1382 ; a testing; by implication, trustworthiness:—trial, trying.",
  "has_outline": true
}