{
  "strongs_number": "G1380",
  "lemma": "δοκέω",
  "transliteration": "dokeō",
  "pronunciation": "dok-eh'-o",
  "pos": "verb",
  "etymology": "",
  "kjv_translation_count": "think (33x), seem (13x), suppose (7x), seem good (3x), please (2x), miscellaneous (5x).",
  "outline": [
    "to be of opinion, think, suppose",
    "to seem, to be accounted, reputed",
    "it seems to me I think, judge: thus in question it seems good to, pleased me, I determined",
    "I think, judge: thus in question",
    "it seems good to, pleased me, I determined"
  ],
  "definition": "δοκέω dokéō, dok-eh'-o; a prolonged form of a primary verb, δόκω dókō dok'-o (used only in an alternate in certain tenses; compare the base of G1166 ) of the same meaning; to think; by implication, to seem (truthfully or uncertainly):—be accounted, (of own) please(-ure), be of reputation, seem (good), suppose, think, trow.",
  "has_outline": true
}