{
  "strongs_number": "G1388",
  "lemma": "δόλος",
  "transliteration": "dolos",
  "pronunciation": "dol'-os",
  "pos": "masculine noun",
  "etymology": "",
  "kjv_translation_count": "guile (7x), subtilty (2x), deceit (2x), craft (1x).",
  "outline": [
    "craft, deceit, guile"
  ],
  "definition": "δόλος dólos, dol'-os; from an obsolete primary verb, δέλλω déllō (probably meaning to decoy; compare G1185 ); a trick (bait), i.e. (figuratively) wile:—craft, deceit, guile, subtilty.",
  "has_outline": true
}