{
  "strongs_number": "G1384",
  "lemma": "δόκιμος",
  "transliteration": "dokimos",
  "pronunciation": "dok'-ee-mos",
  "pos": "adjective",
  "etymology": "",
  "kjv_translation_count": "approved (6x), tried (1x).",
  "outline": [
    "accepted, particularly of coins and money.",
    "accepted, pleasing, acceptable \"In the ancient world there was no banking system as we know it today, and no paper money. All money was made from metal, heated until liquid, poured into moulds and allowed to cool. When the coins were cooled, it was necessary to smooth off the uneven edges. The coins were comparatively soft, and of course many people shaved them closely. In one century, more than eighty laws were passed in Athens to stop the practice of whittling down the coins then in circulation. But some money-changers were men of integrity, who would accept no counterfeit money; they were men of honour who put only genuine, full-weight money into circulation. Such men were called dokimos, and this word is used here for the Christian as he is to be seen by the world.\" (Donald Grey Barnhouse, Romans: God's Glory , p. 18.)"
  ],
  "definition": "δόκιμος dókimos, dok'-ee-mos; from G1380 ; properly, acceptable (current after assayal), i.e. approved:—approved, tried.",
  "has_outline": true
}