{
  "strongs_number": "G138",
  "lemma": "αἱρέω",
  "transliteration": "haireō",
  "pronunciation": "hahee-reh'-o",
  "pos": "verb",
  "etymology": "",
  "kjv_translation_count": "choose (3x).",
  "outline": [
    "to take for oneself, to prefer, choose",
    "to choose by vote, elect to office"
  ],
  "definition": "† αἱρέομαι hairéomai, hahee-reh'-om-ahee; probably akin to G142 ; to take for oneself, i.e. to prefer:—choose. Some of the forms are borrowed from a cognate ἕλλομαι héllomai hel'-lom-ahee; which is otherwise obsolete.",
  "has_outline": true
}