{
  "strongs_number": "G1382",
  "lemma": "δοκιμή",
  "transliteration": "dokimē",
  "pronunciation": "dok-ee-may'",
  "pos": "feminine noun",
  "etymology": "",
  "kjv_translation_count": "proof (3x), experience (2x), trial (1x), experiment (1x).",
  "outline": [
    "proving, trial",
    "approved, tried character",
    "a proof, a specimen of tried worth"
  ],
  "definition": "δοκιμή dokimḗ, dok-ee-may'; from the same as G1384 ; test (abstractly or concretely); by implication, trustiness:—experience(-riment), proof, trial.",
  "has_outline": true
}