{
  "strongs_number": "G139",
  "lemma": "αἵρεσις",
  "transliteration": "hairesis",
  "pronunciation": "hah'-ee-res-is",
  "pos": "feminine noun",
  "etymology": "",
  "kjv_translation_count": "sect (5x), heresy (4x).",
  "outline": [
    "act of taking, capture: e.g. storming a city",
    "choosing, choice",
    "that which is chosen",
    "a body of men following their own tenets (sect or party) of the Sadducees of the Pharisees of the Christians",
    "of the Sadducees",
    "of the Pharisees",
    "of the Christians",
    "dissensions arising from diversity of opinions and aims"
  ],
  "definition": "αἵρεσις haíresis, hah'-ee-res-is; from G138 ; properly, a choice, i.e. (specially) a party or (abstractly) disunion:—heresy (which is the Greek word itself), sect.",
  "has_outline": true
}