{
  "strongs_number": "G1392",
  "lemma": "δοξάζω",
  "transliteration": "doxazō",
  "pronunciation": "dox-ad'-zo",
  "pos": "verb",
  "etymology": "",
  "kjv_translation_count": "glorify (54x), honour (3x), have glory (2x), magnify (1x), make glorious (1x), full of glory (1x).",
  "outline": [
    "to think, suppose, be of opinion",
    "to praise, extol, magnify, celebrate",
    "to honour, do honour to, hold in honour",
    "to make glorious, adorn with lustre, clothe with splendour to impart glory to something, render it excellent to make renowned, render illustrious to cause the dignity and worth of some person or thing to become manifest and acknowledged",
    "to impart glory to something, render it excellent",
    "to make renowned, render illustrious to cause the dignity and worth of some person or thing to become manifest and acknowledged",
    "to cause the dignity and worth of some person or thing to become manifest and acknowledged"
  ],
  "definition": "δοξάζω doxázō, dox-ad'-zo; from G1391 ; to render (or esteem) glorious (in a wide application):—(make) glorify(-ious), full of (have) glory, honour, magnify.",
  "has_outline": true
}