{
  "strongs_number": "G1398",
  "lemma": "δουλεύω",
  "transliteration": "douleuō",
  "pronunciation": "dool-yoo'-o",
  "pos": "verb",
  "etymology": "",
  "kjv_translation_count": "serve (18x), be in bondage (4x), do service (3x).",
  "outline": [
    "to be a slave, serve, do service of a nation in subjection to other nations",
    "of a nation in subjection to other nations",
    "metaph. to obey, submit to in a good sense, to yield obedience in a bad sense, of those who become slaves to some base power, to yield to, give one's self up to",
    "in a good sense, to yield obedience",
    "in a bad sense, of those who become slaves to some base power, to yield to, give one's self up to"
  ],
  "definition": "δουλεύω douleúō, dool-yoo'-o; from G1401 ; to be a slave to (literal or figurative, involuntary or voluntary):—be in bondage, (do) serve(-ice).",
  "has_outline": true
}