{
  "strongs_number": "G1391",
  "lemma": "δόξα",
  "transliteration": "doxa",
  "pronunciation": "dox'-ah",
  "pos": "feminine noun",
  "etymology": "",
  "kjv_translation_count": "glory (145x), glorious (10x), honour (6x), praise (4x), dignity (2x), worship (1x).",
  "outline": [
    "opinion, judgment, view",
    "opinion, estimate, whether good or bad concerning someone in the NT always a good opinion concerning one, resulting in praise, honour, and glory",
    "in the NT always a good opinion concerning one, resulting in praise, honour, and glory",
    "of the moon, sun, stars",
    "majesty a thing belonging to God the kingly majesty which belongs to him as supreme ruler, majesty in the sense of the absolute perfection of the deity a thing belonging to Christ the kingly majesty of the Messiah the absolutely perfect inward or personal excellency of Christ; the majesty of the angels as apparent in their exterior brightness",
    "a thing belonging to God the kingly majesty which belongs to him as supreme ruler, majesty in the sense of the absolute perfection of the deity",
    "the kingly majesty which belongs to him as supreme ruler, majesty in the sense of the absolute perfection of the deity",
    "a thing belonging to Christ the kingly majesty of the Messiah the absolutely perfect inward or personal excellency of Christ; the majesty",
    "the kingly majesty of the Messiah",
    "the absolutely perfect inward or personal excellency of Christ; the majesty",
    "of the angels as apparent in their exterior brightness",
    "as apparent in their exterior brightness",
    "a most glorious condition, most exalted state of that condition with God the Father in heaven to which Christ was raised after he had achieved his work on earth the glorious condition of blessedness into which is appointed and promised that true Christians shall enter after their Saviour's return from heaven",
    "of that condition with God the Father in heaven to which Christ was raised after he had achieved his work on earth",
    "the glorious condition of blessedness into which is appointed and promised that true Christians shall enter after their Saviour's return from heaven"
  ],
  "definition": "δόξα dóxa, dox'-ah; from the base of G1380 ; glory (as very apparent), in a wide application (literal or figurative, objective or subjective):—dignity, glory(-ious), honour, praise, worship.",
  "has_outline": true
}