{
  "strongs_number": "G1396",
  "lemma": "δουλαγωγέω",
  "transliteration": "doulagōgeō",
  "pronunciation": "doo-lag-ogue-eh'-o",
  "pos": "verb",
  "etymology": "",
  "kjv_translation_count": "bring into subjection (1x).",
  "outline": [
    "to lead away into slavery, claim as one's slave",
    "to make a slave and to treat as a slave i.e. with severity, subject to stern and rigid discipline"
  ],
  "definition": "δουλαγωγέω doulagōgéō, doo-lag-ogue-eh'-o; from a presumed compound of G1401 and G71 ; to be a slave-driver, i.e. to enslave (figuratively, subdue):—bring into subjection.",
  "has_outline": true
}