{
  "strongs_number": "G1409",
  "lemma": "Δρούσιλλα",
  "transliteration": "drousilla",
  "pronunciation": "droo'-sil-lah",
  "pos": "proper feminine noun",
  "etymology": "",
  "kjv_translation_count": "Drusilla (1x).",
  "outline": [
    "Drusilla = \"watered by the dew\" the daughter of Agrippa the elder, wife of Felix, the governor of Judaea, a most licentious woman",
    "the daughter of Agrippa the elder, wife of Felix, the governor of Judaea, a most licentious woman"
  ],
  "definition": "Δρούσιλλα Droúsilla, droo'-sil-lah; a feminine diminutive of Drusus (a Roman name); Drusilla, a member of the Herodian family:—Drusilla.",
  "has_outline": true
}