{
  "strongs_number": "G1404",
  "lemma": "δράκων",
  "transliteration": "drakōn",
  "pronunciation": "drak'-own",
  "pos": "masculine noun",
  "etymology": "",
  "kjv_translation_count": "dragon (13x).",
  "outline": [
    "a dragon, a great serpent, a name for Satan"
  ],
  "definition": "δράκων drákōn, drak'-own; probably from an alternate form of δέρκομαι dérkomai (to look); a fabulous kind of serpent (perhaps as supposed to fascinate):—dragon.",
  "has_outline": true
}