{
  "strongs_number": "G1407",
  "lemma": "δρέπανον",
  "transliteration": "drepanon",
  "pronunciation": "drep'-an-on",
  "pos": "neuter noun",
  "etymology": "",
  "kjv_translation_count": "sickle (8x).",
  "outline": [
    "a sickle, a pruning-hook, a hooked vine knife, such as reapers and vinedressers use"
  ],
  "definition": "δρέπανον drépanon, drep'-an-on; from δρέπω drépō (to pluck); a gathering hook (especially for harvesting):—sickle.",
  "has_outline": true
}