{
  "strongs_number": "G1402",
  "lemma": "δουλόω",
  "transliteration": "douloō",
  "pronunciation": "doo-lo'-o",
  "pos": "masculine noun",
  "etymology": "",
  "kjv_translation_count": "become servant (2x), bring into bondage (2x), be under bondage (1x), given (1x), make servant (1x), in bondage (1x).",
  "outline": [
    "to make a slave of, reduce to bondage",
    "metaph. give myself wholly to one's needs and service, make myself a bondman to him"
  ],
  "definition": "δουλόω doulóō, doo-lo'-o; from G1401 ; to enslave (literally or figuratively):—bring into (be under) bondage, × given, become (make) servant.",
  "has_outline": true
}