{
  "strongs_number": "G1406",
  "lemma": "δραχμή",
  "transliteration": "drachmē",
  "pronunciation": "drakh-may'",
  "pos": "feminine noun",
  "etymology": "",
  "kjv_translation_count": "piece (2x), piece of silver (1x).",
  "outline": [
    "a drachma, a Greek silver coin about the same weight as a Roman denarius"
  ],
  "definition": "δραχμή drachmḗ, drakh-may'; from G1405 ; a drachma or (silver) coin (as handled):—piece (of silver).",
  "has_outline": true
}