{
  "strongs_number": "G1401",
  "lemma": "δοῦλος",
  "transliteration": "doulos",
  "pronunciation": "doo'-los",
  "pos": "masculine noun",
  "etymology": "",
  "kjv_translation_count": "servant (120x), bond (6x), bondman (1x).",
  "outline": [
    "a slave, bondman, man of servile condition a slave metaph., one who gives himself up to another's will those whose service is used by Christ in extending and advancing his cause among men devoted to another to the disregard of one's own interests",
    "a slave",
    "metaph., one who gives himself up to another's will those whose service is used by Christ in extending and advancing his cause among men",
    "devoted to another to the disregard of one's own interests",
    "a servant, attendant"
  ],
  "definition": "† δοῦλος doûlos, doo'-los; from G1210 ; a slave (literal or figurative, involuntary or voluntary; frequently, therefore in a qualified sense of subjection or subserviency):—bond(-man), servant.",
  "has_outline": true
}