{
  "strongs_number": "G1408",
  "lemma": "δρόμος",
  "transliteration": "dromos",
  "pronunciation": "drom'-os",
  "pos": "masculine noun",
  "etymology": "",
  "kjv_translation_count": "course (3x).",
  "outline": [
    "a course in the NT figuratively, the course of life or of office",
    "in the NT figuratively, the course of life or of office"
  ],
  "definition": "δρόμος drómos, drom'-os; from the alternate of G5143 ; a race, i.e. (figuratively) career:—course.",
  "has_outline": true
}