{
  "strongs_number": "G1410",
  "lemma": "δύναμαι",
  "transliteration": "dynamai",
  "pronunciation": "doo'-nam-ahee",
  "pos": "verb",
  "etymology": "",
  "kjv_translation_count": "can (could) (100x), cannot (with G 3756) (45x), be able (37x), may (might) (18x), able (3x), miscellaneous (7x).",
  "outline": [
    "to be able, have power whether by virtue of one's own ability and resources, or of a state of mind, or through favourable circumstances, or by permission of law or custom",
    "to be able to do something",
    "to be capable, strong and powerful"
  ],
  "definition": "δύναμαι dýnamai, doo'-nam-ahee; of uncertain affinity; to be able or possible:—be able, can (do, + -not), could, may, might, be possible, be of power.",
  "has_outline": true
}