{
  "strongs_number": "G1411",
  "lemma": "δύναμις",
  "transliteration": "dynamis",
  "pronunciation": "doo'-nam-is",
  "pos": "feminine noun",
  "etymology": "",
  "kjv_translation_count": "power (77x), mighty work (11x), strength (7x), miracle (7x), might (4x), virtue (3x), mighty (2x), miscellaneous (9x).",
  "outline": [
    "strength power, ability inherent power, power residing in a thing by virtue of its nature, or which a person or thing exerts and puts forth power for performing miracles moral power and excellence of soul the power and influence which belong to riches and wealth power and resources arising from numbers power consisting in or resting upon armies, forces, hosts",
    "inherent power, power residing in a thing by virtue of its nature, or which a person or thing exerts and puts forth",
    "power for performing miracles",
    "moral power and excellence of soul",
    "the power and influence which belong to riches and wealth",
    "power and resources arising from numbers",
    "power consisting in or resting upon armies, forces, hosts"
  ],
  "definition": "δύναμις dýnamis, doo'-nam-is; from G1410 ; force (literally or figuratively); specially, miraculous power (usually by implication, a miracle itself):—ability, abundance, meaning, might(-ily, -y, -y deed), (worker of) miracle(-s), power, strength, violence, mighty (wonderful) work.",
  "has_outline": true
}