{
  "strongs_number": "G1418",
  "lemma": "δυσ-",
  "transliteration": "dys-",
  "pronunciation": "doos",
  "pos": "prefix",
  "etymology": "",
  "kjv_translation_count": "none .",
  "outline": [
    "prefix conveying the idea of difficulty, opposition, injuriousness, similar to our \"mis-\" or \"un-\" prefixes"
  ],
  "definition": "δυσ- dys-, doos; a primary inseparable particle of uncertain derivation; used only in composition as a prefix; hard, i.e. with difficulty:— + hard, + grievous, etc.",
  "has_outline": true
}