{
  "strongs_number": "G1415",
  "lemma": "δυνατός",
  "transliteration": "dynatos",
  "pronunciation": "doo-nat-os'",
  "pos": "adjective",
  "etymology": "",
  "kjv_translation_count": "possible (13x), able (10x), mighty (6x), strong (3x), could (1x), power (1x), mighty man (1x).",
  "outline": [
    "able, powerful, mighty, strong mighty in wealth and influence strong in soul to bear calamities and trials with fortitude and patience strong in Christian virtue",
    "mighty in wealth and influence",
    "strong in soul to bear calamities and trials with fortitude and patience strong in Christian virtue",
    "to bear calamities and trials with fortitude and patience",
    "strong in Christian virtue",
    "to be able (to do something) mighty, excelling in something having power for something",
    "mighty, excelling in something",
    "having power for something"
  ],
  "definition": "δυνατός dynatós, doo-nat-os'; from G1410 ; powerful or capable (literally or figuratively); neuter possible:—able, could, (that is) mighty (man), possible, power, strong.",
  "has_outline": true
}