{
  "strongs_number": "G1413",
  "lemma": "δυνάστης",
  "transliteration": "dynastēs",
  "pronunciation": "doo-nas'-tace",
  "pos": "masculine noun",
  "etymology": "",
  "kjv_translation_count": "mighty (1x), of great authority (1x), Potentate (1x).",
  "outline": [
    "a prince, a potentate",
    "a courtier, high officer, royal minister of great authority"
  ],
  "definition": "δυνάστης dynástēs, doo-nas'-tace; from G1410 ; a ruler or officer:—of great authority, mighty, potentate.",
  "has_outline": true
}