{
  "strongs_number": "G141",
  "lemma": "αἱρετικός",
  "transliteration": "hairetikos",
  "pronunciation": "hahee-ret-ee-kos'",
  "pos": "adjective",
  "etymology": "",
  "kjv_translation_count": "that is a heretic (1x).",
  "outline": [
    "fitted or able to take or choose a thing",
    "schismatic, factious, a follower of a false doctrine",
    "heretic"
  ],
  "definition": "αἱρετικός hairetikós, hahee-ret-ee-kos'; from the same as G140 ; a schismatic:—heretic (the Greek word itself).",
  "has_outline": true
}