{
  "strongs_number": "G1416",
  "lemma": "δύνω",
  "transliteration": "dynō",
  "pronunciation": "doo'-no",
  "pos": "verb",
  "etymology": "",
  "kjv_translation_count": "set (2x).",
  "outline": [
    "to go into, enter",
    "go under, be plunged into, sink in used in the NT of the setting of the sun",
    "used in the NT of the setting of the sun"
  ],
  "definition": "δύνω dýnō, doo'-no; prolonged forms of an obsolete primary δύο dýo doo'-o (to sink); to go \"down\":—set.",
  "has_outline": true
}