{
  "strongs_number": "G1427",
  "lemma": "δώδεκα",
  "transliteration": "dōdeka",
  "pronunciation": "do'-dek-ah",
  "pos": "indeclinable noun",
  "etymology": "",
  "kjv_translation_count": "twelve (72x).",
  "outline": [
    "twelve the twelve apostles of Jesus, so called by way of eminence",
    "the twelve apostles of Jesus, so called by way of eminence"
  ],
  "definition": "† δώδεκα dṓdeka, do'-dek-ah; from G1417 and G1176 ; two and ten, i.e. a dozen:—twelve.",
  "has_outline": true
}