{
  "strongs_number": "G1429",
  "lemma": "δωδεκάφυλον",
  "transliteration": "dōdekaphylon",
  "pronunciation": "do-dek-af'-oo-lon",
  "pos": "neuter noun",
  "etymology": "",
  "kjv_translation_count": "twelve tribes (1x).",
  "outline": [
    "the twelve tribes, used collectively of the Israelitish people, as consisting of the twelve tribes"
  ],
  "definition": "δωδεκάφυλον dōdekáphylon, do-dek-af'-oo-lon; from G1427 and G5443 ; the commonwealth of Israel:—twelve tribes.",
  "has_outline": true
}