{
  "strongs_number": "G142",
  "lemma": "αἴρω",
  "transliteration": "airō",
  "pronunciation": "ah'-ee-ro",
  "pos": "verb",
  "etymology": "",
  "kjv_translation_count": "take up (32x), take away (25x), take (25x), away with (5x), lift up (4x), bear (3x), miscellaneous (8x).",
  "outline": [
    "to raise up, elevate, lift up to raise from the ground, take up: stones to raise upwards, elevate, lift up: the hand to draw up: a fish",
    "to raise from the ground, take up: stones",
    "to raise upwards, elevate, lift up: the hand",
    "to draw up: a fish",
    "to take upon one's self and carry what has been raised up, to bear",
    "to bear away what has been raised, carry off to move from its place to take off or away what is attached to anything to remove to carry off, carry away with one to appropriate what is taken to take away from another what is his or what is committed to him, to take by force to take and apply to any use to take from among the living, either by a natural death, or by violence cause to cease",
    "to move from its place",
    "to take off or away what is attached to anything",
    "to remove",
    "to carry off, carry away with one",
    "to appropriate what is taken",
    "to take away from another what is his or what is committed to him, to take by force",
    "to take and apply to any use",
    "to take from among the living, either by a natural death, or by violence",
    "cause to cease"
  ],
  "definition": "αἴρω aírō, ah'-ee-ro; a primary root; to lift up; by implication, to take up or away; figuratively, to raise (the voice), keep in suspense (the mind), specially, to sail away (i.e. weigh anchor); by Hebraism (compare H5375 ) to expiate sin:—away with, bear (up), carry, lift up, loose, make to doubt, put away, remove, take (away, up).",
  "has_outline": true
}