{
  "strongs_number": "G1422",
  "lemma": "δύσκολος",
  "transliteration": "dyskolos",
  "pronunciation": "doo'-kol-os",
  "pos": "adjective",
  "etymology": "",
  "kjv_translation_count": "hard (1x).",
  "outline": [
    "hard to find agreeable food for, fastidious about food",
    "difficult to please, always finding fault",
    "difficult"
  ],
  "definition": "δύσκολος dýskolos, doo'-kol-os; from G1418 and κόλον kólon (food); properly, fastidious about eating (peevish), i.e. (genitive case) impracticable:—hard.",
  "has_outline": true
}