{
  "strongs_number": "G1421",
  "lemma": "δυσερμήνευτος",
  "transliteration": "dysermēneutos",
  "pronunciation": "doos-er-mane'-yoo-tos",
  "pos": "adjective",
  "etymology": "",
  "kjv_translation_count": "hard to be uttered (1x).",
  "outline": [
    "hard to interpret, difficult to explain"
  ],
  "definition": "δυσερμήνευτος dysermḗneutos, doos-er-mane'-yoo-tos; from G1418 and a presumed derivative of G2059 ; difficult of explanation:—hard to be uttered.",
  "has_outline": true
}