{
  "strongs_number": "G1439",
  "lemma": "ἐάω",
  "transliteration": "eaō",
  "pronunciation": "eh-ah'-o",
  "pos": "verb",
  "etymology": "",
  "kjv_translation_count": "suffer (9x), let alone (1x), leave (1x), let (1x), commit (1x).",
  "outline": [
    "to allow, permit, let",
    "to allow one to do as he wishes, not to restrain, to let alone",
    "to give up, let go, leave"
  ],
  "definition": "ἐάω eáō, eh-ah'-o; of uncertain affinity; to let be, i.e. permit or leave alone:—commit, leave, let (alone), suffer. See also G1436 .",
  "has_outline": true
}