{
  "strongs_number": "G1437",
  "lemma": "ἐάν",
  "transliteration": "ean",
  "pronunciation": "eh-an'",
  "pos": "conjunction",
  "etymology": "",
  "kjv_translation_count": "if (200x), whosoever (with G 3769) (14x), whatsoever (with G 3739) (16x), though (14x), miscellaneous (32x).",
  "outline": [
    "if, in case"
  ],
  "definition": "† ἐάν eán, eh-an'; from G1487 and G302 ; a conditional particle; in case that, provided, etc.; often used in connection with other particles to denote indefiniteness or uncertainty:—before, but, except, (and) if, (if) so, (what-, whither-)soever, though, when (-soever), whether (or), to whom, (who-)so(-ever). See G3361 .",
  "has_outline": true
}