{
  "strongs_number": "G1438",
  "lemma": "ἑαυτοῦ",
  "transliteration": "heautou",
  "pronunciation": "heh-ow-too'",
  "pos": "pronoun",
  "etymology": "",
  "kjv_translation_count": "himself (110x), themselves (57x), yourselves (36x), ourselves (20x), his (19x), their (15x), itself (9x), miscellaneous (73x).",
  "outline": [
    "himself, herself, itself, themselves"
  ],
  "definition": "ἑαυτοῦ heautoû, heh-ow-too'; from a reflexive pronoun otherwise obsolete and the genitive case (dative case or accusative case) of G846 ; him- (her-, it-, them-, also (in conjunction with the personal pronoun of the other persons) my-, thy-, our-, your-) self (selves), etc.:—alone, her (own, -self), (he) himself, his (own), itself, one (to) another, our (thine) own(-selves), + that she had, their (own, own selves), (of) them(-selves), they, thyself, you, your (own, own conceits, own selves, -selves).",
  "has_outline": true
}