{
  "strongs_number": "G1435",
  "lemma": "δῶρον",
  "transliteration": "dōron",
  "pronunciation": "do'-ron",
  "pos": "neuter noun",
  "etymology": "",
  "kjv_translation_count": "gift (18x), offering (1x).",
  "outline": [
    "a gift, present gifts offered in expression of honour of sacrifices and other gifts offered to God of money cast into the treasury for the purposes of the temple and for the support of the poor",
    "gifts offered in expression of honour of sacrifices and other gifts offered to God of money cast into the treasury for the purposes of the temple and for the support of the poor",
    "of sacrifices and other gifts offered to God",
    "of money cast into the treasury for the purposes of the temple and for the support of the poor",
    "the offering of a gift or of gifts"
  ],
  "definition": "δῶρον dōron, do'-ron; a present; specially, a sacrifice:—gift, offering.",
  "has_outline": true
}