{
  "strongs_number": "G1430",
  "lemma": "δῶμα",
  "transliteration": "dōma",
  "pronunciation": "do'-mah",
  "pos": "neuter noun",
  "etymology": "",
  "kjv_translation_count": "house top (7x).",
  "outline": [
    "a building, house",
    "a part of a building, dining room, hall",
    "house top, roof the house tops of the Orientals were (and still are) level and frequented not only for walking, but also for meditation and prayer",
    "the house tops of the Orientals were (and still are) level and frequented not only for walking, but also for meditation and prayer"
  ],
  "definition": "δῶμα dōma, do'-mah; from δέμω démō (to build); properly, an edifice, i.e. (specially) a roof:—housetop.",
  "has_outline": true
}