{
  "strongs_number": "G143",
  "lemma": "αἰσθάνομαι",
  "transliteration": "aisthanomai",
  "pronunciation": "ahee-sthan'-om-ahee",
  "pos": "verb",
  "etymology": "",
  "kjv_translation_count": "perceive (1x).",
  "outline": [
    "to perceive by the bodily senses with the mind, understand",
    "by the bodily senses",
    "with the mind, understand"
  ],
  "definition": "αἰσθάνομαι aisthánomai, ahee-sthan'-om-ahee; of uncertain derivation; to apprehend (properly, by the senses):—perceive.",
  "has_outline": true
}