{
  "strongs_number": "G1432",
  "lemma": "δωρεάν",
  "transliteration": "dōrean",
  "pronunciation": "do-reh-an'",
  "pos": "adjective",
  "etymology": "",
  "kjv_translation_count": "freely (6x), without a cause (1x), in vain (1x), for nought (1x).",
  "outline": [
    "freely, undeservedly"
  ],
  "definition": "δωρεάν dōreán, do-reh-an'; accusative case of G1431 as adverb; gratuitously (literally or figuratively):—without a cause, freely, for naught, in vain.",
  "has_outline": true
}