{
  "strongs_number": "G1447",
  "lemma": "Ἑβραϊστί",
  "transliteration": "hebraisti",
  "pronunciation": "heb-rah-is-tee'",
  "pos": "adverb",
  "etymology": "",
  "kjv_translation_count": "in the Hebrew tongue (3x), in the Hebrew (2x), in Hebrew (1x).",
  "outline": [
    "in Hebrew, i.e. in Chaldee"
  ],
  "definition": "Ἑβραϊστί Hebraïstí, heb-rah-is-tee'; adverb from G1446 ; Hebraistically or in the Jewish (Chaldee) language:—in (the) Hebrew (tongue).",
  "has_outline": true
}