{
  "strongs_number": "G1446",
  "lemma": "Ἑβραΐς",
  "transliteration": "hebrais",
  "pronunciation": "heb-rah-is'",
  "pos": "feminine noun",
  "etymology": "",
  "kjv_translation_count": "Hebrew (3x).",
  "outline": [
    "Hebrew, the Hebrew language, not that however in which the OT was written but the Chaldee, which at the time of Jesus and the apostles had long superseded it in Palestine"
  ],
  "definition": "Ἑβραΐς Hebraḯs, heb-rah-is'; from G1443 ; the Hebraistic (Hebrew) or Jewish (Chaldee) language:—Hebrew.",
  "has_outline": true
}