{
  "strongs_number": "G1445",
  "lemma": "Ἑβραῖος",
  "transliteration": "hebraios",
  "pronunciation": "heb-rah'-yos",
  "pos": "masculine noun",
  "etymology": "",
  "kjv_translation_count": "Hebrew (5x).",
  "outline": [
    "Hebrew any one of the Jewish or Israelitish nations",
    "any one of the Jewish or Israelitish nations",
    "in a narrower sense, those who live in Palestine and use the language of the country",
    "all Jewish Christians, whether they spoke Aramaic or Greek"
  ],
  "definition": "Ἑβραῖος Hebraîos, heb-rah'-yos; from G1443 ; a Hebræan (i.e. Hebrew) or Jew:—Hebrew.",
  "has_outline": true
}