{
  "strongs_number": "G144",
  "lemma": "αἴσθησις",
  "transliteration": "aisthēsis",
  "pronunciation": "ah'-ee-sthay-sis",
  "pos": "feminine noun",
  "etymology": "",
  "kjv_translation_count": "judgment (1x).",
  "outline": [
    "perception, not only by the senses but by the intellect",
    "cognition, discernment of moral discernment in ethical matters",
    "of moral discernment in ethical matters"
  ],
  "definition": "αἴσθησις aísthēsis, ah'-ee-sthay-sis; from G143 ; perception, i.e. (figuratively) discernment:—judgment.",
  "has_outline": true
}