{
  "strongs_number": "G1448",
  "lemma": "ἐγγίζω",
  "transliteration": "engizō",
  "pronunciation": "eng-id'-zo",
  "pos": "verb",
  "etymology": "",
  "kjv_translation_count": "draw nigh (12x), be at hand (9x), come nigh (8x), come near (5x), draw near (4x), miscellaneous (5x).",
  "outline": [
    "to bring near, to join one thing to another",
    "to draw or come near to, to approach"
  ],
  "definition": "ἐγγίζω engízō, eng-id'-zo; from G1451 ; to make near, i.e. (reflexively) approach:—approach, be at hand, come (draw) near, be (come, draw) nigh.",
  "has_outline": true
}