{
  "strongs_number": "G1441",
  "lemma": "ἑβδομηκοντάκις",
  "transliteration": "hebdomēkontakis",
  "pronunciation": "heb-dom-ay-kon-tak-is",
  "pos": "adverb",
  "etymology": "",
  "kjv_translation_count": "seventy times (1x).",
  "outline": [
    "seventy times seven times countless times",
    "countless times"
  ],
  "definition": "ἑβδομηκοντάκις hebdomēkontákis, heb-dom-ay-kon-tak-is; multiple adverb from G1440 ; seventy times:—seventy times.",
  "has_outline": true
}