{
  "strongs_number": "G1440",
  "lemma": "ἑβδομήκοντα",
  "transliteration": "hebdomēkonta",
  "pronunciation": "heb-dom-ay'-kon-tah",
  "pos": "indeclinable noun",
  "etymology": "",
  "kjv_translation_count": "seventy (2x), three score and ten (1x), three score and fifteen (with G 4002) (1x).",
  "outline": [
    "seventy the seventy disciples whom Jesus sent out in addition to the twelve apostles",
    "the seventy disciples whom Jesus sent out in addition to the twelve apostles"
  ],
  "definition": "† ἑβδομήκοντα hebdomḗkonta, heb-dom-ay'-kon-tah; from G1442 and a modified form of G1176 ; seventy:—seventy, three score and ten.",
  "has_outline": true
}