{
  "strongs_number": "G1443",
  "lemma": "Ἐβέρ",
  "transliteration": "eber",
  "pronunciation": "eb-er'",
  "pos": "proper masculine noun",
  "etymology": "",
  "kjv_translation_count": "Heber (1x).",
  "outline": [
    "Eber or Hebrew = \"the region beyond\" the son of Salah, and great grandson of Shem, one of Abraham's ancestors",
    "the son of Salah, and great grandson of Shem, one of Abraham's ancestors"
  ],
  "definition": "Ἐβέρ Ebér, eb-er'; of Hebrew origin ( H5677 ); Eber, a patriarch:—Eber.",
  "has_outline": true
}